Player,Team,#,Nation,Position,Age,Minutes,Goals,Assists,Penalty Shoot on Goal,Penalty Shoot,Total Shoot,Shoot on Target,Yellow Cards,Red Cards,Touches,Dribbles,Tackles,Blocks,Expected Goals (xG),Non-Penalty xG (npxG),Expected Assists (xAG),Shot-Creating Actions,Goal-Creating Actions,Passes Completed,Passes Attempted,Pass Completion %,Progressive Passes,Carries,Progressive Carries,Dribble Attempts,Successful Dribbles,Date
Bruno Fernandes,Manchester United,8,POR,"FW,AM",29-343,90,0,0,0,0,6,3,0,0,70,2,0,0,1.2,1.2,0.0,2,0,43,60,"71,7",6,50,7,1,1,2024-08-16
Marcus Rashford,Manchester United,10,ENG,LW,26-290,90,0,0,0,0,0,0,0,0,43,0,1,1,0.0,0.0,0.7,1,0,22,30,"73,3",2,34,2,6,0,2024-08-16
Amad Diallo,Manchester United,16,CIV,RW,22-036,60,0,0,0,0,0,0,0,0,36,1,2,0,0.0,0.0,0.1,1,0,28,33,"84,8",1,22,0,1,1,2024-08-16
Alejandro Garnacho,Manchester United,17,ARG,RW,20-046,30,0,1,0,0,2,0,0,0,19,1,0,0,0.7,0.7,0.2,3,1,10,11,"90,9",0,11,2,2,0,2024-08-16
Mason Mount,Manchester United,7,ENG,AM,25-219,60,0,0,0,0,1,1,1,0,23,3,0,0,0.3,0.3,0.1,3,0,11,15,"73,3",1,16,0,2,0,2024-08-16
Joshua Zirkzee,Manchester United,11,NED,FW,23-086,30,1,0,0,0,1,1,0,0,12,0,0,1,0.1,0.1,0.0,1,0,8,9,"88,9",1,6,0,0,0,2024-08-16
Kobbie Mainoo,Manchester United,37,ENG,DM,19-119,83,0,0,0,0,1,0,0,0,55,3,5,0,0.0,0.0,0.0,1,0,37,41,"90,2",5,39,0,5,4,2024-08-16
Scott McTominay,Manchester United,39,SCO,DM,27-252,7,0,0,0,0,0,0,0,0,4,0,0,0,0.0,0.0,0.0,0,0,4,4,"100,0",0,3,0,0,0,2024-08-16
Casemiro,Manchester United,18,BRA,DM,32-175,90,0,0,0,0,3,0,0,0,77,4,1,5,0.2,0.2,1.0,5,1,44,57,"77,2",4,46,0,1,0,2024-08-16
Diogo Dalot,Manchester United,20,POR,"LB,RB",25-151,90,0,0,0,0,0,0,0,0,67,2,1,1,0.0,0.0,0.0,1,0,49,60,"81,7",3,40,1,1,1,2024-08-16
Lisandro Martínez,Manchester United,6,ARG,"CB,LB",26-211,90,0,0,0,0,0,0,0,0,70,3,3,0,0.0,0.0,0.0,3,0,55,62,"88,7",9,51,1,0,0,2024-08-16
Harry Maguire,Manchester United,5,ENG,CB,31-164,80,0,0,0,0,0,0,1,0,68,0,3,1,0.0,0.0,0.0,2,0,50,60,"83,3",8,40,1,2,1,2024-08-16
Jonny Evans,Manchester United,35,NIR,CB,36-226,10,0,0,0,0,0,0,0,0,8,0,0,1,0.0,0.0,0.0,0,0,4,6,"66,7",0,2,0,0,0,2024-08-16
Noussair Mazraoui,Manchester United,3,MAR,RB,26-276,80,0,0,0,0,0,0,0,0,54,2,3,1,0.0,0.0,0.0,0,0,41,45,"91,1",3,34,1,0,0,2024-08-16
Matthijs de Ligt,Manchester United,4,NED,CB,25-004,10,0,0,0,0,0,0,0,0,2,0,0,0,0.0,0.0,0.0,0,0,2,2,"100,0",0,2,0,0,0,2024-08-16
André Onana,Manchester United,24,CMR,GK,28-136,90,0,0,0,0,0,0,0,0,32,0,0,0,0.0,0.0,0.0,1,0,22,29,"75,9",0,24,0,0,0,2024-08-16
Rodrigo Muniz,Fulham,9,BRA,FW,23-104,77,0,0,0,0,2,1,0,0,17,0,1,0,0.1,0.1,0.1,2,0,5,6,"83,3",1,11,0,1,1,2024-08-16
Raúl Jiménez,Fulham,7,MEX,FW,33-103,13,0,0,0,0,0,0,0,0,5,0,0,0,0.0,0.0,0.0,0,0,2,4,"50,0",0,2,1,0,0,2024-08-16
Alex Iwobi,Fulham,17,NGA,LW,28-105,90,0,0,0,0,1,0,0,0,42,4,0,0,0.0,0.0,0.0,0,0,19,29,"65,5",2,31,1,5,1,2024-08-16
Adama Traoré,Fulham,11,ESP,RW,28-204,77,0,0,0,0,3,0,0,0,36,1,0,1,0.1,0.1,0.0,4,0,14,21,"66,7",0,25,5,9,4,2024-08-16
Harry Wilson,Fulham,8,WAL,RW,27-147,13,0,0,0,0,0,0,0,0,7,0,0,0,0.0,0.0,0.0,0,0,5,6,"83,3",0,6,1,0,0,2024-08-16
Emile Smith Rowe,Fulham,32,ENG,AM,24-019,63,0,0,0,0,0,0,0,0,35,1,2,1,0.0,0.0,0.0,0,0,20,27,"74,1",1,23,0,0,0,2024-08-16
Tom Cairney,Fulham,10,SCO,"DM,AM",33-209,27,0,0,0,0,0,0,1,0,18,0,0,0,0.0,0.0,0.0,1,0,15,17,"88,2",4,14,2,3,2,2024-08-16
Saša Lukić,Fulham,20,SRB,DM,28-003,89,0,0,0,0,0,0,0,0,53,3,1,1,0.0,0.0,0.0,0,0,40,45,"88,9",4,30,1,0,0,2024-08-16
Jay Stansfield,Fulham,28,ENG,"AM,DM",21-266,1,0,0,0,0,0,0,0,0,0,0,0,0,0.0,0.0,0.0,0,0,0,0,,0,0,0,0,0,2024-08-16
Andreas Pereira,Fulham,18,BRA,"DM,AM",28-228,89,0,0,0,0,0,0,1,0,59,0,0,1,0.0,0.0,0.3,9,0,37,55,"67,3",5,28,1,2,0,2024-08-16
Harrison Reed,Fulham,6,ENG,DM,29-202,1,0,0,0,0,0,0,0,0,3,1,0,0,0.0,0.0,0.0,0,0,1,1,"100,0",0,1,0,0,0,2024-08-16
Antonee Robinson,Fulham,33,USA,LB,27-008,90,0,0,0,0,0,0,0,0,59,8,2,0,0.0,0.0,0.0,0,0,32,42,"76,2",2,31,2,2,0,2024-08-16
Calvin Bassey,Fulham,3,NGA,CB,24-229,90,0,0,0,0,2,0,1,0,72,1,0,2,0.1,0.1,0.0,1,0,57,62,"91,9",5,51,1,0,0,2024-08-16
Issa Diop,Fulham,31,FRA,CB,27-220,90,0,0,0,0,0,0,0,0,45,4,0,1,0.0,0.0,0.0,0,0,28,35,"80,0",2,26,0,0,0,2024-08-16
Kenny Tete,Fulham,2,NED,RB,28-312,90,0,0,0,0,2,1,0,0,44,1,3,2,0.1,0.1,0.0,2,0,24,32,"75,0",2,22,2,0,0,2024-08-16
Bernd Leno,Fulham,1,GER,GK,32-165,90,0,0,0,0,0,0,0,0,45,0,0,0,0.0,0.0,0.0,0,0,30,42,"71,4",0,28,0,0,0,2024-08-16
Liam Delap,Ipswich Town,19,ENG,FW,21-191,73,0,0,0,0,0,0,0,0,18,0,0,0,0.0,0.0,0.2,1,0,6,12,"50,0",0,14,2,0,0,2024-08-17
Ali Al Hamadi,Ipswich Town,16,IRQ,FW,22-169,17,0,0,0,0,0,0,0,0,3,0,0,0,0.0,0.0,0.0,0,0,1,1,"100,0",0,1,0,0,0,2024-08-17
Omari Hutchinson,Ipswich Town,20,ENG,"LW,RW",20-292,90,0,0,0,0,3,1,1,0,29,0,0,1,0.3,0.3,0.0,2,0,10,20,"50,0",1,23,7,6,3,2024-08-17
Wes Burns,Ipswich Town,7,WAL,RW,29-268,56,0,0,0,0,0,0,1,0,20,0,0,1,0.0,0.0,0.0,1,0,9,15,"60,0",0,12,1,1,0,2024-08-17
Ben Johnson,Ipswich Town,18,ENG,"RB,RW",24-206,34,0,0,0,0,0,0,0,0,19,4,1,0,0.0,0.0,0.0,0,0,9,12,"75,0",0,6,0,1,0,2024-08-17
Conor Chaplin,Ipswich Town,10,ENG,AM,27-183,64,0,0,0,0,0,0,0,0,28,2,0,2,0.0,0.0,0.0,1,0,16,23,"69,6",2,16,0,0,0,2024-08-17
Marcus Harness,Ipswich Town,11,ENG,AM,28-175,26,0,0,0,0,0,0,0,0,16,0,0,1,0.0,0.0,0.0,2,0,9,14,"64,3",2,9,0,1,0,2024-08-17
Massimo Luongo,Ipswich Town,25,AUS,DM,31-327,64,0,0,0,0,0,0,0,0,26,2,0,2,0.0,0.0,0.0,0,0,16,19,"84,2",3,13,0,0,0,2024-08-17
Jack Taylor,Ipswich Town,14,IRL,DM,26-055,26,0,0,0,0,1,0,0,0,23,0,0,0,0.0,0.0,0.0,0,0,15,19,"78,9",3,13,0,0,0,2024-08-17
Sam Morsy,Ipswich Town,5,EGY,DM,32-342,90,0,0,0,0,0,0,0,0,55,5,0,0,0.0,0.0,0.1,1,0,37,47,"78,7",1,27,0,0,0,2024-08-17
Leif Davis,Ipswich Town,3,ENG,LB,24-218,90,0,0,0,0,0,0,0,0,50,4,0,0,0.0,0.0,0.0,3,0,29,41,"70,7",2,20,5,0,0,2024-08-17
Jacob Greaves,Ipswich Town,24,ENG,CB,23-340,90,0,0,0,0,2,1,0,0,45,0,2,2,0.1,0.1,0.0,0,0,25,30,"83,3",2,17,0,0,0,2024-08-17
Luke Woolfenden,Ipswich Town,6,ENG,CB,25-301,90,0,0,0,0,0,0,1,0,73,0,4,5,0.0,0.0,0.0,0,0,48,55,"87,3",2,35,0,0,0,2024-08-17
Axel Tuanzebe,Ipswich Town,40,COD,RB,26-277,73,0,0,0,0,1,0,0,0,39,3,1,1,0.1,0.1,0.0,0,0,23,27,"85,2",1,13,0,0,0,2024-08-17
Sammie Szmodics,Ipswich Town,23,IRL,LW,28-328,17,0,0,0,0,0,0,0,0,8,0,1,0,0.0,0.0,0.0,1,0,4,4,"100,0",2,9,1,1,0,2024-08-17
Christian Walton,Ipswich Town,28,ENG,GK,28-282,90,0,0,0,0,0,0,0,0,45,0,0,0,0.0,0.0,0.0,0,0,33,42,"78,6",0,26,0,0,0,2024-08-17
Diogo Jota,Liverpool,20,POR,FW,27-257,78,1,0,0,0,3,1,0,0,27,1,1,0,0.9,0.9,0.0,1,0,9,15,"60,0",2,16,2,2,1,2024-08-17
Cody Gakpo,Liverpool,18,NED,FW,25-102,12,0,0,0,0,0,0,1,0,11,0,0,0,0.0,0.0,0.0,0,0,7,10,"70,0",0,5,1,0,0,2024-08-17
Luis Díaz,Liverpool,7,COL,LW,27-217,90,0,0,0,0,3,0,0,0,44,1,0,1,0.5,0.5,0.3,7,0,31,36,"86,1",2,28,9,5,5,2024-08-17
Mohamed Salah,Liverpool,11,EGY,RW,32-063,90,1,1,0,0,4,3,0,0,44,0,0,0,0.7,0.7,0.5,3,1,25,34,"73,5",1,26,2,2,0,2024-08-17
Dominik Szoboszlai,Liverpool,8,HUN,AM,23-297,90,0,0,0,0,3,0,0,0,59,1,0,1,0.2,0.2,0.4,4,0,44,50,"88,0",6,33,4,1,1,2024-08-17
Alexis Mac Allister,Liverpool,10,ARG,DM,25-237,90,0,0,0,0,2,0,0,0,66,0,0,3,0.1,0.1,0.0,3,0,42,50,"84,0",7,34,0,7,1,2024-08-17
Ryan Gravenberch,Liverpool,38,NED,DM,22-093,90,0,0,0,0,0,0,0,0,68,3,0,3,0.0,0.0,0.0,1,1,51,59,"86,4",5,40,2,2,1,2024-08-17
Andrew Robertson,Liverpool,26,SCO,LB,30-159,78,0,0,0,0,0,0,0,0,87,1,1,0,0.0,0.0,0.2,2,0,61,79,"77,2",3,38,1,1,0,2024-08-17
Kostas Tsimikas,Liverpool,21,GRE,LB,28-097,12,0,0,0,0,0,0,0,0,14,0,0,1,0.0,0.0,0.0,1,0,12,13,"92,3",5,9,1,0,0,2024-08-17
Virgil van Dijk,Liverpool,4,NED,CB,33-040,90,0,0,0,0,0,0,0,0,89,0,1,0,0.0,0.0,0.0,1,1,81,86,"94,2",2,54,0,0,0,2024-08-17
Jarell Quansah,Liverpool,78,ENG,CB,21-201,45,0,0,0,0,0,0,0,0,35,2,1,1,0.0,0.0,0.0,0,0,25,28,"89,3",0,16,0,0,0,2024-08-17
Ibrahima Konaté,Liverpool,5,FRA,CB,25-084,45,0,0,0,0,0,0,0,0,35,0,1,1,0.0,0.0,0.0,0,0,28,30,"93,3",0,22,0,1,1,2024-08-17
Trent Alexander-Arnold,Liverpool,66,ENG,RB,25-315,76,0,0,0,0,1,0,0,0,58,0,0,3,0.1,0.1,0.7,4,1,38,54,"70,4",5,33,2,1,0,2024-08-17
Conor Bradley,Liverpool,84,NIR,RB,21-039,14,0,0,0,0,2,1,0,0,31,0,0,0,0.2,0.2,0.0,1,0,22,25,"88,0",1,16,1,1,1,2024-08-17
Alisson,Liverpool,1,BRA,GK,31-320,90,0,0,0,0,0,0,0,0,52,0,0,0,0.0,0.0,0.0,1,0,44,51,"86,3",0,37,0,0,0,2024-08-17
Alexander Isak,Newcastle United,14,SWE,FW,24-331,90,0,1,0,0,0,0,0,0,19,1,1,1,0.0,0.0,0.2,2,2,8,10,"80,0",1,6,0,1,0,2024-08-17
Anthony Gordon,Newcastle United,10,ENG,LW,23-175,69,0,0,0,0,0,0,0,0,24,0,0,0,0.0,0.0,0.0,2,0,11,18,"61,1",2,11,4,2,1,2024-08-17
Harvey Barnes,Newcastle United,11,ENG,LW,26-252,21,0,0,0,0,0,0,0,0,5,0,0,0,0.0,0.0,0.0,0,0,1,2,"50,0",0,2,0,1,0,2024-08-17
Jacob Murphy,Newcastle United,23,ENG,RW,29-175,29,0,0,0,0,0,0,0,0,12,3,0,0,0.0,0.0,0.0,1,0,6,7,"85,7",3,6,0,1,0,2024-08-17
Emil Krafth,Newcastle United,17,SWE,CB,30-015,61,0,0,0,0,0,0,0,0,12,0,0,2,0.0,0.0,0.0,0,0,2,3,"66,7",0,0,0,0,0,2024-08-17
Joelinton,Newcastle United,7,BRA,LM,28-003,90,1,0,0,0,2,1,0,0,34,1,1,4,0.2,0.2,0.0,0,0,10,17,"58,8",2,13,1,1,0,2024-08-17
Bruno Guimarães,Newcastle United,39,BRA,CM,26-275,90,0,0,0,0,0,0,0,0,42,6,1,4,0.0,0.0,0.0,0,0,18,28,"64,3",1,17,0,0,0,2024-08-17
Sean Longstaff,Newcastle United,36,ENG,RM,26-292,90,0,0,0,0,0,0,0,0,22,3,0,2,0.0,0.0,0.0,0,0,11,15,"73,3",2,5,0,0,0,2024-08-17
Lewis Hall,Newcastle United,20,ENG,LB,19-344,69,0,0,0,0,0,0,1,0,38,0,1,4,0.0,0.0,0.0,1,0,17,30,"56,7",3,13,2,1,0,2024-08-17
Lloyd Kelly,Newcastle United,25,ENG,LB,25-316,21,0,0,0,0,0,0,0,0,5,0,0,1,0.0,0.0,0.0,0,0,1,2,"50,0",0,0,0,0,0,2024-08-17
Dan Burn,Newcastle United,33,ENG,CB,32-100,90,0,0,0,0,0,0,1,0,30,0,0,1,0.0,0.0,0.0,0,0,13,18,"72,2",0,11,0,0,0,2024-08-17
Fabian Schär,Newcastle United,5,SUI,CB,32-241,27,0,0,0,0,1,0,0,1,13,0,0,0,0.0,0.0,0.0,0,0,9,11,"81,8",1,6,0,0,0,2024-08-17
Valentino Livramento,Newcastle United,21,ENG,RB,21-279,90,0,0,0,0,0,0,0,0,34,2,0,5,0.0,0.0,0.0,0,0,11,20,"55,0",0,8,1,0,0,2024-08-17
Nick Pope,Newcastle United,22,ENG,GK,32-120,90,0,0,0,0,0,0,0,0,27,0,0,0,0.0,0.0,0.0,0,0,10,26,"38,5",0,10,0,0,0,2024-08-17
Ben Brereton,Southampton,17,CHI,FW,25-121,69,0,0,0,0,2,0,1,0,32,1,0,0,0.3,0.3,0.1,1,0,20,26,"76,9",0,18,1,1,0,2024-08-17
Cameron Archer,Southampton,19,ENG,FW,23-027,21,0,0,0,0,2,1,0,0,7,0,0,0,0.2,0.2,0.0,0,0,2,4,"50,0",0,4,1,0,0,2024-08-17
Adam Armstrong,Southampton,9,ENG,FW,27-189,90,0,0,0,0,5,1,0,0,33,2,0,0,0.7,0.7,0.1,2,0,20,25,"80,0",2,26,4,0,0,2024-08-17
Joe Aribo,Southampton,7,NGA,CM,28-027,69,0,0,0,0,1,0,0,0,46,2,1,0,0.1,0.1,0.6,2,0,33,40,"82,5",4,27,3,1,1,2024-08-17
Tyler Dibling,Southampton,33,ENG,CM,18-158,21,0,0,0,0,0,0,0,0,16,0,0,0,0.0,0.0,0.0,2,0,14,15,"93,3",1,13,1,0,0,2024-08-17
Flynn Downes,Southampton,4,ENG,"CM,CB",25-210,90,0,0,0,0,1,0,0,0,98,2,0,1,0.1,0.1,0.1,5,0,83,90,"92,2",8,44,1,0,0,2024-08-17
William Smallbone,Southampton,8,IRL,CM,24-178,90,0,0,0,0,4,0,0,0,75,2,0,1,0.3,0.3,0.0,6,0,45,63,"71,4",5,31,1,1,1,2024-08-17
Kyle Walker-Peters,Southampton,2,ENG,WB,27-126,80,0,0,0,0,2,0,0,0,82,0,0,2,0.1,0.1,0.0,2,0,65,75,"86,7",11,59,5,4,2,2024-08-17
Carlos Alcaraz,Southampton,22,ARG,CM,21-261,10,0,0,0,0,1,1,0,0,17,0,1,0,0.1,0.1,0.1,1,0,13,13,"100,0",6,12,4,2,0,2024-08-17
Yukinari Sugawara,Southampton,16,JPN,WB,24-050,45,0,0,0,0,0,0,0,0,40,0,0,1,0.0,0.0,0.2,1,0,22,35,"62,9",1,22,1,2,1,2024-08-17
Samuel Edozie,Southampton,23,ENG,WB,21-202,45,0,0,0,0,0,0,1,0,30,2,0,0,0.0,0.0,0.1,4,0,20,23,"87,0",4,28,5,3,1,2024-08-17
Jack Stephens,Southampton,5,ENG,CB,30-203,90,0,0,0,0,0,0,1,0,98,1,0,2,0.0,0.0,0.0,3,0,85,91,"93,4",11,64,1,0,0,2024-08-17
Jan Bednarek,Southampton,35,POL,CB,28-127,80,0,0,0,0,0,0,0,0,86,0,1,0,0.0,0.0,0.0,2,0,77,82,"93,9",6,49,1,0,0,2024-08-17
Samuel Amo-Ameyaw,Southampton,27,ENG,WB,18-030,10,0,0,0,0,1,0,0,0,6,0,0,0,0.0,0.0,0.1,2,0,5,5,"100,0",0,6,0,0,0,2024-08-17
Taylor Harwood-Bellis,Southampton,6,ENG,CB,22-200,90,0,0,0,0,0,0,1,0,100,1,0,1,0.0,0.0,0.0,1,0,82,93,"88,2",3,58,2,0,0,2024-08-17
Alex McCarthy,Southampton,1,ENG,GK,34-258,90,0,0,0,0,0,0,0,0,22,0,0,0,0.0,0.0,0.0,0,0,18,22,"81,8",0,15,0,0,0,2024-08-17
Chris Wood,Nottingham Forest,11,NZL,FW,32-254,71,1,0,0,0,1,1,0,0,32,0,0,0,0.7,0.7,0.0,0,0,16,26,"61,5",1,10,1,0,0,2024-08-17
Taiwo Awoniyi,Nottingham Forest,9,NGA,FW,27-005,19,0,0,0,0,1,1,0,0,8,0,0,0,0.1,0.1,0.0,1,0,4,5,"80,0",1,4,0,1,1,2024-08-17
Callum Hudson-Odoi,Nottingham Forest,14,ENG,LW,23-284,71,0,0,0,0,2,2,0,0,45,0,0,0,0.1,0.1,0.1,5,0,33,39,"84,6",1,23,6,2,0,2024-08-17
Elliot Anderson,Nottingham Forest,8,ENG,LW,21-285,19,0,0,0,0,0,0,0,0,21,0,1,1,0.0,0.0,0.0,0,0,6,13,"46,2",0,7,1,1,0,2024-08-17
Anthony Elanga,Nottingham Forest,21,SWE,RW,22-112,53,0,0,0,0,1,1,0,0,38,0,0,0,0.0,0.0,0.1,5,0,26,31,"83,9",3,21,1,4,2,2024-08-17
Nicolás Domínguez,Nottingham Forest,16,ARG,RW,26-050,37,0,0,0,0,0,0,0,0,32,2,0,0,0.0,0.0,0.0,2,0,24,29,"82,8",3,11,0,0,0,2024-08-17
Morgan Gibbs-White,Nottingham Forest,10,ENG,AM,24-203,90,0,0,0,0,2,0,0,0,75,1,1,0,0.1,0.1,0.1,6,0,46,63,"73,0",6,44,2,4,1,2024-08-17
Danilo,Nottingham Forest,28,BRA,DM,23-110,14,0,0,0,0,0,0,0,0,6,0,0,0,0.0,0.0,0.0,0,0,3,3,"100,0",0,4,0,3,1,2024-08-17
Ryan Yates,Nottingham Forest,22,ENG,DM,26-270,76,0,0,0,0,3,2,0,0,53,1,0,1,0.2,0.2,0.0,4,1,35,37,"94,6",7,32,5,3,1,2024-08-17
Ibrahim Sangaré,Nottingham Forest,6,CIV,DM,26-259,90,0,0,0,0,0,0,0,0,64,5,1,2,0.0,0.0,0.0,0,0,38,54,"70,4",5,16,0,0,0,2024-08-17
Ola Aina,Nottingham Forest,34,NGA,LB,27-314,53,0,0,0,0,1,0,0,0,42,2,1,1,0.0,0.0,0.0,1,0,22,33,"66,7",4,13,2,1,0,2024-08-17
Harry Toffolo,Nottingham Forest,15,ENG,LB,28-364,37,0,0,0,0,1,0,0,0,36,2,0,0,0.0,0.0,0.0,0,0,22,30,"73,3",1,8,0,0,0,2024-08-17
Murillo,Nottingham Forest,5,BRA,CB,22-044,90,0,0,0,0,0,0,0,0,50,1,0,2,0.0,0.0,0.0,0,0,36,39,"92,3",1,17,0,1,1,2024-08-17
Willy Boly,Nottingham Forest,30,CIV,CB,33-196,90,0,0,0,0,1,1,0,0,70,4,1,3,0.1,0.1,0.0,0,0,42,53,"79,2",2,32,0,0,0,2024-08-17
Neco Williams,Nottingham Forest,7,WAL,RB,23-126,90,0,0,0,0,1,0,1,0,55,5,2,2,0.0,0.0,0.2,2,0,31,40,"77,5",2,21,0,3,2,2024-08-17
Matz Sels,Nottingham Forest,26,BEL,GK,32-173,90,0,0,0,0,0,0,0,0,50,1,0,0,0.0,0.0,0.0,0,0,36,48,"75,0",0,36,0,0,0,2024-08-17
Antoine Semenyo,Bournemouth,24,GHA,"LW,RW,FW",24-223,90,1,0,0,0,5,2,0,0,48,0,0,1,0.4,0.4,0.0,2,0,22,33,"66,7",1,29,2,3,1,2024-08-17
Luis Sinisterra,Bournemouth,17,COL,"FW,LW",25-061,62,0,0,0,0,2,1,0,0,26,1,0,1,0.2,0.2,0.0,0,0,12,15,"80,0",1,16,2,3,1,2024-08-17
Justin Kluivert,Bournemouth,19,NED,"LW,FW",25-104,28,0,0,0,0,0,0,1,0,17,0,1,0,0.0,0.0,0.0,1,1,11,14,"78,6",5,13,2,2,1,2024-08-17
Dango Ouattara,Bournemouth,11,BFA,RW,22-188,68,0,0,0,0,1,0,0,0,39,3,0,1,0.2,0.2,0.0,2,0,8,21,"38,1",0,14,3,3,1,2024-08-17
Daniel Jebbison,Bournemouth,21,ENG,FW,21-004,22,0,0,0,0,0,0,0,0,7,0,0,0,0.0,0.0,0.0,2,0,3,5,"60,0",0,6,1,0,0,2024-08-17
Marcus Tavernier,Bournemouth,16,ENG,"AM,DM",25-148,90,0,0,0,0,5,1,0,0,58,0,0,0,0.4,0.4,0.2,6,0,35,49,"71,4",13,28,2,2,0,2024-08-17
Lewis Cook,Bournemouth,4,ENG,DM,27-196,83,0,0,0,0,0,0,1,0,54,1,2,2,0.0,0.0,0.2,1,0,29,40,"72,5",5,20,1,0,0,2024-08-17
Philip Billing,Bournemouth,29,DEN,AM,28-067,7,0,0,0,0,0,0,0,0,4,1,0,0,0.0,0.0,0.0,0,0,1,2,"50,0",0,2,0,0,0,2024-08-17
Alex Scott,Bournemouth,14,ENG,DM,20-362,62,0,0,0,0,0,0,0,0,41,8,3,3,0.0,0.0,0.1,2,0,19,21,"90,5",6,20,0,2,0,2024-08-17
Ryan Christie,Bournemouth,10,SCO,DM,29-177,28,0,0,0,0,0,0,0,0,32,0,1,0,0.0,0.0,0.0,1,0,18,26,"69,2",2,18,1,2,1,2024-08-17
Milos Kerkez,Bournemouth,3,HUN,LB,20-284,90,0,0,0,0,0,0,1,0,62,2,1,1,0.0,0.0,0.0,4,1,46,56,"82,1",8,33,4,0,0,2024-08-17
Dean Huijsen,Bournemouth,2,ESP,CB,19-125,90,0,0,0,0,0,0,0,0,78,0,2,2,0.0,0.0,0.0,1,0,56,68,"82,4",4,46,0,0,0,2024-08-17
Illia Zabarnyi,Bournemouth,27,UKR,CB,21-351,90,0,0,0,0,0,0,0,0,70,0,2,2,0.0,0.0,0.0,1,0,45,57,"78,9",2,39,0,1,0,2024-08-17
Adam Smith,Bournemouth,15,ENG,RB,33-110,62,0,0,0,0,0,0,0,0,27,1,2,0,0.0,0.0,0.0,0,0,18,21,"85,7",0,13,0,2,0,2024-08-17
Julian Araujo,Bournemouth,28,MEX,RB,23-004,28,0,0,0,0,0,0,0,0,26,1,0,0,0.0,0.0,0.0,1,0,17,23,"73,9",2,11,0,0,0,2024-08-17
Neto,Bournemouth,1,BRA,GK,35-029,90,0,0,0,0,0,0,0,0,39,0,0,0,0.0,0.0,0.0,0,0,23,34,"67,6",0,19,0,0,0,2024-08-17
Dominic Calvert-Lewin,Everton,9,ENG,FW,27-154,75,0,0,0,0,0,0,0,0,19,0,0,0,0.0,0.0,0.0,1,0,12,14,"85,7",4,12,1,0,0,2024-08-17
Beto,Everton,14,GNB,FW,26-199,15,0,0,0,0,0,0,0,0,8,0,0,1,0.0,0.0,0.0,0,0,1,4,"25,0",0,5,0,1,0,2024-08-17
Dwight McNeil,Everton,7,ENG,"LW,RB,RW",24-269,90,0,0,0,0,0,0,0,0,37,2,2,0,0.0,0.0,0.0,1,0,24,32,"75,0",1,22,0,0,0,2024-08-17
Jack Harrison,Everton,11,ENG,RW,27-271,84,0,0,0,0,3,1,0,0,36,0,0,1,0.1,0.1,0.1,2,0,17,26,"65,4",2,25,4,5,3,2024-08-17
Mason Holgate,Everton,4,ENG,"RW,RB",27-300,6,0,0,0,0,0,0,0,0,3,0,0,0,0.0,0.0,0.0,0,0,2,2,"100,0",0,1,0,0,0,2024-08-17
Abdoulaye Doucouré,Everton,16,MLI,AM,31-229,62,0,0,0,0,1,0,0,0,21,1,0,0,0.1,0.1,0.0,1,0,12,19,"63,2",0,10,2,1,1,2024-08-17
Iliman Ndiaye,Everton,10,SEN,"LW,AM",24-164,28,0,0,0,0,0,0,0,0,9,3,0,0,0.0,0.0,0.0,0,0,3,4,"75,0",0,5,1,1,0,2024-08-17
Idrissa Gana Gueye,Everton,27,SEN,DM,34-326,90,0,0,0,0,1,0,0,0,45,2,0,3,0.0,0.0,0.0,1,0,29,35,"82,9",4,22,1,2,0,2024-08-17
Tim Iroegbunam,Everton,42,ENG,DM,21-048,90,0,0,0,0,2,0,0,0,47,9,4,1,0.1,0.1,0.0,3,0,17,29,"58,6",3,26,1,2,1,2024-08-17
Vitaliy Mykolenko,Everton,19,UKR,LB,25-080,90,0,0,0,0,0,0,0,0,52,0,1,1,0.0,0.0,0.0,1,0,33,42,"78,6",2,23,1,3,0,2024-08-17
Michael Keane,Everton,5,ENG,CB,31-219,90,0,0,0,0,1,0,0,0,57,0,0,1,0.0,0.0,0.0,2,0,44,53,"83,0",3,31,0,0,0,2024-08-17
James Tarkowski,Everton,6,ENG,CB,31-272,90,0,0,0,0,1,0,1,0,68,2,4,3,0.0,0.0,0.0,1,0,45,54,"83,3",3,33,1,1,0,2024-08-17
Ashley Young,Everton,18,ENG,RB,39-039,65,0,0,0,0,0,0,0,1,46,4,2,1,0.0,0.0,0.1,2,0,26,38,"68,4",7,15,0,0,0,2024-08-17
Jordan Pickford,Everton,1,ENG,GK,30-163,90,0,0,0,0,0,0,0,0,51,0,0,0,0.0,0.0,0.0,0,0,33,47,"70,2",0,33,0,0,0,2024-08-17
Danny Welbeck,Brighton & Hove Albion,18,ENG,FW,33-265,90,1,1,0,0,2,1,0,0,26,2,1,3,0.2,0.2,0.1,3,1,16,18,"88,9",4,17,2,1,1,2024-08-17
Kaoru Mitoma,Brighton & Hove Albion,22,JPN,LW,27-089,88,1,0,0,0,4,3,0,0,51,3,0,2,1.0,1.0,0.0,2,0,24,29,"82,8",3,29,5,10,4,2024-08-17
Yasin Ayari,Brighton & Hove Albion,26,SWE,LW,20-316,2,0,0,0,0,0,0,0,0,3,0,0,0,0.0,0.0,0.0,0,0,1,2,"50,0",0,3,0,1,0,2024-08-17
Yankuba Minteh,Brighton & Hove Albion,17,GAM,RW,20-026,44,0,1,0,0,0,0,0,0,17,1,1,1,0.0,0.0,1.0,4,2,9,13,"69,2",2,9,3,1,1,2024-08-17
Simon Adingra,Brighton & Hove Albion,24,CIV,RW,22-229,46,1,0,0,0,2,1,0,0,31,1,2,0,0.2,0.2,0.0,1,0,13,21,"61,9",0,20,2,1,0,2024-08-17
João Pedro,Brighton & Hove Albion,9,BRA,AM,22-326,81,0,0,0,0,1,0,0,0,26,2,1,0,0.0,0.0,0.1,1,0,9,16,"56,3",2,20,3,1,0,2024-08-17
Jeremy Sarmiento,Brighton & Hove Albion,16,ECU,AM,22-062,9,0,0,0,0,0,0,0,0,8,0,0,0,0.0,0.0,0.0,0,0,6,6,"100,0",0,6,0,0,0,2024-08-17
Mats Wieffer,Brighton & Hove Albion,27,NED,DM,24-275,90,0,1,0,0,0,0,0,0,82,4,0,1,0.0,0.0,0.1,2,1,63,72,"87,5",3,49,0,2,0,2024-08-17
James Milner,Brighton & Hove Albion,6,ENG,DM,38-226,81,0,0,0,0,0,0,1,0,47,4,0,3,0.0,0.0,0.2,5,0,30,40,"75,0",4,19,1,0,0,2024-08-17
Billy Gilmour,Brighton & Hove Albion,11,SCO,DM,23-067,9,0,0,0,0,0,0,0,0,12,0,0,0,0.0,0.0,0.0,0,0,10,12,"83,3",1,10,0,0,0,2024-08-17
Jack Hinshelwood,Brighton & Hove Albion,41,ENG,LB,19-128,90,0,0,0,0,0,0,0,0,81,0,1,0,0.0,0.0,0.0,1,1,60,72,"83,3",6,47,1,0,0,2024-08-17
Lewis Dunk,Brighton & Hove Albion,5,ENG,CB,32-270,75,0,0,0,0,1,0,0,0,75,0,0,0,0.1,0.1,0.0,0,0,60,70,"85,7",2,43,0,0,0,2024-08-17
Adam Webster,Brighton & Hove Albion,4,ENG,CB,29-226,15,0,0,0,0,0,0,0,0,34,0,0,0,0.0,0.0,0.0,0,0,30,33,"90,9",5,22,0,0,0,2024-08-17
Jan Paul van Hecke,Brighton & Hove Albion,29,NED,CB,24-070,90,0,0,0,0,0,0,0,0,94,2,0,0,0.0,0.0,0.0,0,0,81,87,"93,1",4,74,0,1,0,2024-08-17
Joël Veltman,Brighton & Hove Albion,34,NED,RB,32-215,90,0,0,0,0,0,0,0,0,61,2,2,1,0.0,0.0,0.0,0,0,42,52,"80,8",2,37,1,0,0,2024-08-17
Jason Steele,Brighton & Hove Albion,23,ENG,GK,33-365,90,0,0,0,0,0,0,0,0,63,0,0,0,0.0,0.0,0.0,0,0,56,62,"90,3",0,51,0,0,0,2024-08-17
Kai Havertz,Arsenal,29,GER,"FW,LM",25-067,90,1,1,0,0,5,1,0,0,40,1,1,2,0.4,0.4,0.1,3,1,14,18,"77,8",5,22,3,3,1,2024-08-17
Gabriel Martinelli,Arsenal,11,BRA,"LW,RW",23-060,90,0,0,0,0,1,0,0,0,34,2,0,0,0.1,0.1,0.4,5,0,18,23,"78,3",2,22,4,7,2,2024-08-17
Bukayo Saka,Arsenal,7,ENG,RW,22-347,79,1,1,0,0,5,3,1,0,38,2,0,1,0.4,0.4,0.4,7,1,20,25,"80,0",5,25,4,1,0,2024-08-17
Leandro Trossard,Arsenal,19,BEL,LW,29-257,11,0,0,0,0,0,0,0,0,7,2,0,0,0.0,0.0,0.0,0,0,3,4,"75,0",0,2,0,1,0,2024-08-17
Declan Rice,Arsenal,41,ENG,LM,25-216,84,0,0,0,0,1,0,0,0,39,0,2,0,0.1,0.1,0.1,5,0,26,31,"83,9",8,20,1,0,0,2024-08-17
Gabriel Jesus,Arsenal,9,BRA,FW,27-136,6,0,0,0,0,0,0,1,0,7,1,0,0,0.0,0.0,0.0,0,0,4,4,"100,0",0,3,1,0,0,2024-08-17
Thomas Partey,Arsenal,5,GHA,CM,31-065,90,0,0,0,0,1,0,0,0,45,3,0,0,0.1,0.1,0.1,5,1,33,37,"89,2",6,30,0,0,0,2024-08-17
Martin Ødegaard,Arsenal,8,NOR,RM,25-244,90,0,0,0,0,1,1,0,0,41,1,0,0,0.0,0.0,0.1,4,0,29,34,"85,3",8,28,3,5,3,2024-08-17
Oleksandr Zinchenko,Arsenal,17,UKR,LB,27-246,68,0,0,0,0,0,0,0,0,66,0,2,1,0.0,0.0,0.0,2,1,52,61,"85,2",6,32,1,1,1,2024-08-17
Jurriën Timber,Arsenal,12,NED,LB,23-061,22,0,0,0,0,1,0,0,0,14,0,0,0,0.0,0.0,0.0,0,0,9,10,"90,0",0,6,1,3,2,2024-08-17
Gabriel Magalhães,Arsenal,6,BRA,CB,26-242,90,0,0,0,0,1,0,0,0,75,1,1,2,0.1,0.1,0.0,1,0,54,66,"81,8",3,47,0,0,0,2024-08-17
William Saliba,Arsenal,2,FRA,CB,23-146,90,0,0,0,0,0,0,0,0,72,4,1,0,0.0,0.0,0.0,0,0,54,62,"87,1",4,44,0,0,0,2024-08-17
Ben White,Arsenal,4,ENG,RB,26-314,90,0,0,0,0,2,1,0,0,53,1,1,0,0.1,0.1,0.0,3,0,38,46,"82,6",6,33,0,1,0,2024-08-17
David Raya,Arsenal,22,ESP,GK,28-337,90,0,0,0,0,0,0,0,0,38,0,0,0,0.0,0.0,0.0,0,0,28,37,"75,7",0,26,0,0,0,2024-08-17
Jørgen Strand Larsen,Wolverhampton Wanderers,9,NOR,FW,24-193,83,0,0,0,0,1,1,0,0,19,0,0,1,0.1,0.1,0.0,0,0,8,12,"66,7",0,9,1,0,0,2024-08-17
Chiquinho,Wolverhampton Wanderers,23,POR,LM,24-194,7,0,0,0,0,0,0,0,0,3,0,0,0,0.0,0.0,0.0,2,0,3,3,"100,0",0,1,0,0,0,2024-08-17
Rodrigo Gomes,Wolverhampton Wanderers,19,POR,"LW,LM",21-041,74,0,0,0,0,1,0,0,0,24,0,0,1,0.1,0.1,0.0,0,0,11,20,"55,0",1,15,4,1,1,2024-08-17
Daniel Podence,Wolverhampton Wanderers,10,POR,RM,28-301,16,0,0,0,0,1,0,0,0,6,0,0,0,0.0,0.0,0.0,0,0,2,4,"50,0",0,2,0,0,0,2024-08-17
Hwang Hee-chan,Wolverhampton Wanderers,11,KOR,"RW,RM,FW,LM",28-204,90,0,0,0,0,0,0,0,0,31,0,0,2,0.0,0.0,0.1,1,0,18,23,"78,3",2,25,2,3,1,2024-08-17
Jean-Ricner Bellegarde,Wolverhampton Wanderers,27,FRA,AM,26-051,56,0,0,0,0,1,0,0,0,25,1,0,1,0.1,0.1,0.0,1,0,14,17,"82,4",1,18,0,3,0,2024-08-17
Matheus Cunha,Wolverhampton Wanderers,12,BRA,FW,25-082,34,0,0,0,0,1,1,0,0,14,2,0,0,0.1,0.1,0.1,2,0,9,9,"100,0",0,9,2,1,0,2024-08-17
Mario Lemina,Wolverhampton Wanderers,5,GAB,"DM,CM",30-351,90,0,0,0,0,0,0,0,0,51,2,5,3,0.0,0.0,0.0,0,0,32,40,"80,0",1,26,0,0,0,2024-08-17
João Gomes,Wolverhampton Wanderers,8,BRA,"DM,CM",23-187,83,0,0,0,0,0,0,1,0,42,2,0,1,0.0,0.0,0.0,2,0,33,40,"82,5",5,27,2,2,2,2024-08-17
Pablo Sarabia,Wolverhampton Wanderers,21,ESP,CM,32-098,7,0,0,0,0,1,1,0,0,10,1,0,0,0.1,0.1,0.0,0,0,5,7,"71,4",2,8,0,3,2,2024-08-17
Rayan Aït-Nouri,Wolverhampton Wanderers,3,ALG,LB,23-072,83,0,0,0,0,1,0,0,0,55,4,1,1,0.0,0.0,0.0,1,0,42,45,"93,3",7,34,0,2,0,2024-08-17
Craig Dawson,Wolverhampton Wanderers,15,ENG,CB,34-103,7,0,0,0,0,0,0,0,0,5,0,0,0,0.0,0.0,0.0,0,0,3,3,"100,0",0,0,0,1,0,2024-08-17
Toti Gomes,Wolverhampton Wanderers,24,POR,"CB,LB",25-214,90,0,0,0,0,0,0,1,0,60,2,0,0,0.0,0.0,0.0,1,0,52,58,"89,7",1,43,1,0,0,2024-08-17
Yerson Mosquera,Wolverhampton Wanderers,14,COL,CB,23-107,90,0,0,0,0,0,0,0,0,53,3,0,2,0.0,0.0,0.1,1,0,40,47,"85,1",2,32,0,0,0,2024-08-17
Matt Doherty,Wolverhampton Wanderers,2,IRL,RB,32-214,90,0,0,0,0,2,0,0,0,53,2,1,1,0.1,0.1,0.0,1,0,29,38,"76,3",2,27,0,1,1,2024-08-17
José Sá,Wolverhampton Wanderers,1,POR,GK,31-213,90,0,0,0,0,0,0,0,0,42,0,0,0,0.0,0.0,0.0,1,0,23,40,"57,5",0,30,0,1,1,2024-08-17
Michail Antonio,West Ham United,9,JAM,FW,34-142,72,0,0,0,0,2,0,0,0,20,0,0,1,0.2,0.2,0.0,0,0,6,11,"54,5",1,11,3,0,0,2024-08-17
Niclas Füllkrug,West Ham United,11,GER,FW,31-190,18,0,0,0,0,0,0,0,0,6,0,0,0,0.0,0.0,0.0,0,0,4,4,"100,0",0,2,0,0,0,2024-08-17
Mohammed Kudus,West Ham United,14,GHA,"LM,WB,RM",24-015,90,0,0,0,0,2,0,0,0,46,1,0,2,0.1,0.1,0.5,4,0,24,36,"66,7",2,31,5,6,3,2024-08-17
Lucas Paquetá,West Ham United,10,BRA,CM,26-356,72,1,0,1,1,0,0,1,0,66,0,0,2,0.8,0.0,0.0,4,1,47,58,"81,0",8,38,0,0,0,2024-08-17
James Ward-Prowse,West Ham United,8,ENG,CM,29-290,18,0,0,0,0,0,0,0,0,16,1,0,1,0.0,0.0,0.0,0,0,11,15,"73,3",4,6,1,0,0,2024-08-17
Tomáš Souček,West Ham United,28,CZE,CM,29-172,90,0,0,0,0,5,0,0,0,24,2,1,0,0.9,0.9,0.1,5,1,10,16,"62,5",0,7,0,0,0,2024-08-17
Jarrod Bowen,West Ham United,20,ENG,RM,27-241,72,0,0,0,0,0,0,0,0,24,0,0,1,0.0,0.0,0.0,2,0,10,15,"66,7",1,10,0,2,0,2024-08-17
Crysencio Summerville,West Ham United,7,NED,"CM,LM",22-292,18,0,0,0,0,0,0,0,0,15,0,0,0,0.0,0.0,0.3,3,0,11,12,"91,7",0,12,3,1,0,2024-08-17
Guido Rodríguez,West Ham United,24,ARG,DM,30-127,84,0,0,0,0,1,0,0,0,53,3,1,0,0.0,0.0,0.0,1,0,40,46,"87,0",3,26,0,0,0,2024-08-17
Danny Ings,West Ham United,18,ENG,FW,32-025,6,0,0,0,0,1,1,0,0,5,0,0,0,0.3,0.3,0.0,1,0,2,4,"50,0",0,4,0,0,0,2024-08-17
Emerson Palmieri,West Ham United,33,ITA,"LB,WB",30-014,90,0,0,0,0,1,1,0,0,59,0,0,1,0.0,0.0,0.0,3,0,46,51,"90,2",4,27,4,0,0,2024-08-17
Max Kilman,West Ham United,26,ENG,CB,27-086,90,0,0,0,0,0,0,0,0,86,2,2,2,0.0,0.0,0.0,1,0,62,73,"84,9",5,59,2,0,0,2024-08-17
Konstantinos Mavropanos,West Ham United,15,GRE,CB,26-250,90,0,0,0,0,1,0,0,0,63,3,0,2,0.0,0.0,0.0,0,0,42,51,"82,4",1,40,1,0,0,2024-08-17
Vladimír Coufal,West Ham United,5,CZE,RB,31-361,84,0,0,0,0,0,0,0,0,42,0,2,2,0.0,0.0,0.1,2,0,25,31,"80,6",1,23,1,0,0,2024-08-17
Jean-Clair Todibo,West Ham United,25,FRA,CB,24-231,6,0,0,0,0,0,0,0,0,11,1,0,0,0.0,0.0,0.0,0,0,7,7,"100,0",0,9,0,2,1,2024-08-17
Alphonse Areola,West Ham United,23,FRA,GK,31-172,90,0,0,0,0,0,0,0,0,35,1,0,0,0.0,0.0,0.0,0,0,30,34,"88,2",0,22,0,0,0,2024-08-17
Ollie Watkins,Aston Villa,11,ENG,FW,28-231,61,0,0,0,0,0,0,0,0,13,0,0,2,0.0,0.0,0.0,0,0,4,5,"80,0",0,9,1,3,0,2024-08-17
Jhon Durán,Aston Villa,9,COL,FW,20-248,29,1,0,0,0,2,1,0,0,21,1,0,0,0.4,0.4,0.0,0,0,9,12,"75,0",0,12,0,3,1,2024-08-17
John McGinn,Aston Villa,7,SCO,LW,29-304,61,0,0,0,0,2,0,0,0,24,2,0,0,0.3,0.3,0.0,2,0,12,14,"85,7",1,7,2,0,0,2024-08-17
Jacob Ramsey,Aston Villa,41,ENG,LW,23-081,29,0,1,0,0,1,0,0,0,16,0,0,0,0.1,0.1,0.1,3,1,12,13,"92,3",1,11,2,1,1,2024-08-17
Leon Bailey,Aston Villa,31,JAM,RW,27-008,73,0,0,0,0,3,0,1,0,35,0,0,1,0.2,0.2,0.1,4,0,15,28,"53,6",2,24,5,2,2,2024-08-17
Jaden Philogene Bidace,Aston Villa,19,ENG,RW,22-191,17,0,0,0,0,1,0,1,0,12,1,0,0,0.1,0.1,0.0,0,0,7,9,"77,8",0,3,0,0,0,2024-08-17
Morgan Rogers,Aston Villa,27,ENG,AM,22-022,90,0,0,0,0,2,1,0,0,35,1,0,3,0.2,0.2,0.2,4,0,19,24,"79,2",3,13,4,2,1,2024-08-17
Youri Tielemans,Aston Villa,8,BEL,DM,27-102,90,0,1,0,0,2,0,0,0,64,2,2,1,0.2,0.2,0.7,4,1,47,53,"88,7",4,43,2,2,1,2024-08-17
Amadou Onana,Aston Villa,24,BEL,DM,23-001,90,1,0,0,0,1,1,0,0,48,3,2,1,0.6,0.6,0.0,0,0,30,31,"96,8",2,25,2,1,1,2024-08-17
Lucas Digne,Aston Villa,12,FRA,LB,31-028,73,0,0,0,0,0,0,0,0,52,2,1,1,0.0,0.0,0.2,1,0,32,45,"71,1",1,27,0,0,0,2024-08-17
Ian Maatsen,Aston Villa,22,NED,LB,22-160,17,0,0,0,0,0,0,0,0,13,3,0,0,0.0,0.0,0.1,2,1,7,9,"77,8",2,5,1,0,0,2024-08-17
Pau Torres,Aston Villa,14,ESP,CB,27-214,90,0,0,0,0,0,0,0,0,68,4,0,2,0.0,0.0,0.0,1,0,48,58,"82,8",3,43,3,1,1,2024-08-17
Ezri Konsa,Aston Villa,4,ENG,CB,26-299,90,0,0,0,0,1,0,0,0,54,1,1,0,0.1,0.1,0.0,1,0,41,45,"91,1",2,32,0,0,0,2024-08-17
Matty Cash,Aston Villa,2,POL,RB,27-010,81,0,0,0,0,0,0,0,0,55,3,1,1,0.0,0.0,0.1,1,0,33,43,"76,7",3,24,1,0,0,2024-08-17
Kosta Nedeljković,Aston Villa,20,SRB,RB,18-245,9,0,0,0,0,0,0,0,0,11,1,0,1,0.0,0.0,0.0,0,0,6,7,"85,7",1,4,0,0,0,2024-08-17
Emiliano Martínez,Aston Villa,23,ARG,GK,31-350,90,0,0,0,0,0,0,0,0,40,0,0,0,0.0,0.0,0.0,0,0,26,37,"70,3",0,28,0,0,0,2024-08-17
Yoane Wissa,Brentford,11,COD,FW,27-350,83,1,1,0,0,2,1,1,0,32,0,0,1,1.0,1.0,0.1,1,1,22,26,"84,6",2,23,1,2,1,2024-08-18
Fabio Carvalho,Brentford,14,POR,FW,21-354,7,0,0,0,0,0,0,0,0,8,1,0,1,0.0,0.0,0.0,0,0,2,5,"40,0",0,1,0,0,0,2024-08-18
Kevin Schade,Brentford,7,GER,LW,22-265,73,0,0,0,0,1,0,0,0,28,3,0,0,0.1,0.1,0.0,1,0,8,17,"47,1",1,18,4,6,2,2024-08-18
Keane Lewis-Potter,Brentford,23,ENG,"LW,LM,FW",23-178,17,0,0,0,0,0,0,0,0,6,1,0,0,0.0,0.0,0.0,0,0,2,4,"50,0",0,3,0,0,0,2024-08-18
Bryan Mbeumo,Brentford,19,CMR,"RW,FW",25-011,89,1,0,0,0,1,1,0,0,37,0,0,1,0.1,0.1,0.4,6,0,16,32,"50,0",1,23,3,1,1,2024-08-18
Ben Mee,Brentford,16,ENG,CB,34-332,1,0,0,0,0,0,0,0,0,2,0,0,0,0.0,0.0,0.0,0,0,1,2,"50,0",0,2,0,0,0,2024-08-18
Mathias Jensen,Brentford,8,DEN,LM,28-230,83,0,0,0,0,0,0,0,0,47,0,2,3,0.0,0.0,0.0,2,0,29,41,"70,7",4,26,1,1,0,2024-08-18
Frank Onyeka,Brentford,15,NGA,CM,26-230,7,0,0,0,0,0,0,0,0,2,0,0,0,0.0,0.0,0.0,0,0,1,1,"100,0",0,1,0,0,0,2024-08-18
Vitaly Janelt,Brentford,27,GER,CM,26-100,73,0,0,0,0,2,0,0,0,41,3,2,0,0.1,0.1,0.0,1,0,28,30,"93,3",4,28,1,2,0,2024-08-18
Mikkel Damsgaard,Brentford,24,DEN,"RM,CM",24-046,17,0,0,0,0,0,0,0,0,9,0,1,0,0.0,0.0,0.0,0,0,7,9,"77,8",1,4,1,1,0,2024-08-18
Christian Nørgaard,Brentford,6,DEN,"RM,CM",30-161,90,0,0,0,0,0,0,0,0,56,3,3,2,0.0,0.0,0.1,3,1,31,43,"72,1",7,28,1,0,0,2024-08-18
Kristoffer Ajer,Brentford,20,NOR,LB,26-123,90,0,0,0,0,1,1,0,0,43,0,1,0,0.3,0.3,0.0,0,0,28,38,"73,7",2,30,2,1,1,2024-08-18
Ethan Pinnock,Brentford,5,JAM,CB,31-081,90,0,0,0,0,1,1,0,0,58,2,1,2,0.0,0.0,0.0,0,0,34,42,"81,0",2,28,0,2,0,2024-08-18
Nathan Collins,Brentford,22,IRL,CB,23-110,90,0,0,0,0,1,1,0,0,67,5,0,3,0.2,0.2,0.0,1,1,46,52,"88,5",2,31,2,0,0,2024-08-18
Mads Roerslev,Brentford,30,DEN,RB,25-055,90,0,0,0,0,0,0,0,0,48,0,1,0,0.0,0.0,0.0,0,0,34,43,"79,1",5,34,0,0,0,2024-08-18
Mark Flekken,Brentford,1,NED,GK,31-066,90,0,0,0,0,0,0,0,0,58,1,0,0,0.0,0.0,0.0,0,0,42,55,"76,4",0,38,0,0,0,2024-08-18
Jean-Philippe Mateta,Crystal Palace,14,FRA,FW,27-051,45,0,0,0,0,0,0,0,0,15,0,0,1,0.0,0.0,0.0,0,0,7,10,"70,0",2,6,1,2,0,2024-08-18
Odsonne Édouard,Crystal Palace,22,FRA,"FW,AM",26-215,45,0,0,0,0,1,0,0,0,17,0,0,1,0.0,0.0,0.0,1,0,7,12,"58,3",1,9,0,0,0,2024-08-18
Eberechi Eze,Crystal Palace,10,ENG,"AM,LM",26-050,90,0,0,0,0,7,3,0,0,58,1,0,0,0.4,0.4,0.0,6,0,31,43,"72,1",5,41,7,6,2,2024-08-18
Daichi Kamada,Crystal Palace,18,JPN,AM,28-013,69,0,0,0,0,0,0,1,0,36,1,1,0,0.0,0.0,0.1,3,0,23,28,"82,1",3,16,1,3,1,2024-08-18
Jordan Ayew,Crystal Palace,9,GHA,"FW,AM",32-342,21,0,0,0,0,1,0,1,0,12,1,0,0,0.5,0.5,0.0,1,0,8,10,"80,0",0,6,0,0,0,2024-08-18
Will Hughes,Crystal Palace,19,ENG,CM,29-123,83,0,0,0,0,0,0,0,0,56,5,1,1,0.0,0.0,0.0,3,0,43,49,"87,8",4,29,1,0,0,2024-08-18
Cheick Doucouré,Crystal Palace,28,MLI,CM,24-223,7,0,0,0,0,0,0,0,0,11,0,0,1,0.0,0.0,0.0,0,0,8,10,"80,0",1,6,0,0,0,2024-08-18
Adam Wharton,Crystal Palace,20,ENG,CM,20-077,73,0,0,0,0,3,2,0,0,43,3,0,0,0.1,0.1,0.0,0,0,24,35,"68,6",4,26,1,1,0,2024-08-18
Jefferson Lerma,Crystal Palace,8,COL,CM,29-298,17,0,0,0,0,0,0,0,0,24,0,0,0,0.0,0.0,0.5,1,0,20,22,"90,9",1,13,0,0,0,2024-08-18
Tyrick Mitchell,Crystal Palace,3,ENG,"WB,LB",24-352,90,0,0,0,0,1,0,0,0,70,1,0,1,0.1,0.1,0.1,5,0,39,49,"79,6",2,28,1,3,0,2024-08-18
Daniel Muñoz,Crystal Palace,12,COL,"WB,RB",28-084,90,0,0,0,0,0,0,0,0,68,4,1,3,0.0,0.0,0.0,1,0,42,55,"76,4",1,25,0,3,0,2024-08-18
Marc Guéhi,Crystal Palace,6,ENG,CB,24-036,90,0,0,0,0,0,0,1,0,57,1,1,0,0.0,0.0,0.0,1,0,42,45,"93,3",4,27,0,0,0,2024-08-18
Joachim Andersen,Crystal Palace,5,DEN,CB,28-079,90,0,0,0,0,1,1,1,0,93,1,0,0,0.0,0.0,0.0,1,0,61,83,"73,5",4,49,1,0,0,2024-08-18
Chris Richards,Crystal Palace,26,USA,CB,24-143,83,0,0,0,0,0,0,1,0,50,4,1,2,0.0,0.0,0.0,0,0,37,41,"90,2",0,20,1,0,0,2024-08-18
Ismaila Sarr,Crystal Palace,7,SEN,RM,26-175,7,0,0,0,0,0,0,0,0,2,0,0,0,0.0,0.0,0.0,0,0,2,2,"100,0",0,1,0,0,0,2024-08-18
Dean Henderson,Crystal Palace,1,ENG,GK,27-159,90,0,0,0,0,0,0,0,0,28,0,0,0,0.0,0.0,0.0,0,0,16,25,"64,0",0,14,0,0,0,2024-08-18
Nicolas Jackson,Chelsea,15,SEN,FW,23-059,66,0,0,0,0,1,1,0,0,21,0,0,0,0.5,0.5,0.2,3,0,11,16,"68,8",2,10,0,0,0,2024-08-18
Marc Guiu,Chelsea,38,ESP,FW,18-227,24,0,0,0,0,0,0,0,0,5,0,0,0,0.0,0.0,0.0,0,0,3,4,"75,0",0,2,0,1,0,2024-08-18
Christopher Nkunku,Chelsea,18,FRA,LW,26-278,57,0,0,0,0,1,0,0,0,38,3,1,2,0.1,0.1,0.0,2,0,26,26,"100,0",2,24,2,3,0,2024-08-18
Pedro Neto,Chelsea,19,POR,LW,24-162,33,0,0,0,0,1,0,0,0,23,0,0,0,0.0,0.0,0.2,2,0,17,19,"89,5",0,20,3,2,1,2024-08-18
Cole Palmer,Chelsea,20,ENG,RW,22-104,90,0,0,0,0,2,1,0,0,57,2,0,0,0.1,0.1,0.1,5,0,37,47,"78,7",6,41,6,3,1,2024-08-18
Enzo Fernández,Chelsea,8,ARG,"AM,DM",23-214,90,0,0,0,0,3,1,0,0,67,2,0,0,0.2,0.2,0.0,3,0,47,56,"83,9",4,44,0,0,0,2024-08-18
Roméo Lavia,Chelsea,45,BEL,DM,20-225,66,0,0,0,0,0,0,0,0,48,3,3,0,0.0,0.0,0.5,1,0,38,39,"97,4",2,26,0,0,0,2024-08-18
Kiernan Dewsbury-Hall,Chelsea,22,ENG,AM,25-347,24,0,0,0,0,0,0,0,0,19,0,1,1,0.0,0.0,0.0,0,0,13,17,"76,5",0,13,1,0,0,2024-08-18
Moisés Caicedo,Chelsea,25,ECU,DM,22-290,90,0,0,0,0,1,0,1,0,61,2,2,2,0.0,0.0,0.0,1,0,47,53,"88,7",3,34,0,1,1,2024-08-18
Marc Cucurella,Chelsea,3,ESP,LB,26-027,79,0,0,0,0,0,0,0,0,77,2,0,1,0.0,0.0,0.0,1,0,58,68,"85,3",3,30,1,0,0,2024-08-18
Renato Veiga,Chelsea,40,POR,LB,21-020,11,0,0,0,0,0,0,0,0,10,0,0,1,0.0,0.0,0.0,0,0,8,9,"88,9",0,4,1,0,0,2024-08-18
Levi Colwill,Chelsea,6,ENG,CB,21-174,90,0,0,0,0,0,0,0,0,56,1,2,1,0.0,0.0,0.0,1,0,47,48,"97,9",2,33,0,0,0,2024-08-18
Wesley Fofana,Chelsea,29,FRA,CB,23-245,90,0,0,0,0,1,0,0,0,64,1,1,2,0.0,0.0,0.0,0,0,49,56,"87,5",1,49,0,0,0,2024-08-18
Malo Gusto,Chelsea,27,FRA,RB,21-091,90,0,0,0,0,0,0,0,0,51,4,0,0,0.0,0.0,0.0,1,0,36,44,"81,8",1,23,2,1,1,2024-08-18
Robert Sánchez,Chelsea,1,ESP,GK,26-274,90,0,0,0,0,0,0,0,0,32,0,0,0,0.0,0.0,0.0,0,0,24,29,"82,8",0,17,0,0,0,2024-08-18
Erling Haaland,Manchester City,9,NOR,FW,24-028,90,1,0,0,0,2,2,1,0,12,0,0,0,0.3,0.3,0.0,1,1,3,8,"37,5",2,8,0,1,1,2024-08-18
Sávio,Manchester City,26,BRA,"RW,LW",20-130,45,0,0,0,0,0,0,0,0,19,2,0,0,0.0,0.0,0.2,6,0,12,16,"75,0",2,13,5,3,3,2024-08-18
Phil Foden,Manchester City,47,ENG,RW,24-082,45,0,0,0,0,0,0,0,0,32,0,2,1,0.0,0.0,0.0,0,0,24,28,"85,7",1,20,2,0,0,2024-08-18
Jeremy Doku,Manchester City,11,BEL,"LW,RW",22-083,90,0,0,0,0,2,1,0,0,51,1,0,1,0.1,0.1,0.0,2,0,28,36,"77,8",4,39,18,15,6,2024-08-18
Kevin De Bruyne,Manchester City,17,BEL,CM,33-051,90,0,0,0,0,2,0,0,0,67,1,1,0,0.1,0.1,0.0,1,0,46,58,"79,3",5,33,4,2,1,2024-08-18
Bernardo Silva,Manchester City,20,POR,CM,30-008,90,0,1,0,0,2,1,0,0,63,0,0,2,0.1,0.1,0.3,3,1,51,55,"92,7",5,34,3,1,0,2024-08-18
Mateo Kovačić,Manchester City,8,CRO,DM,30-104,90,1,0,0,0,2,1,0,0,79,6,0,0,0.1,0.1,0.0,2,1,63,66,"95,5",3,52,2,4,2,2024-08-18
Rico Lewis,Manchester City,82,ENG,DM,19-271,90,0,0,0,0,0,0,0,0,58,2,1,1,0.0,0.0,0.0,1,0,38,50,"76,0",2,29,3,3,1,2024-08-18
Joško Gvardiol,Manchester City,24,CRO,LB,22-208,90,0,0,0,0,1,0,0,0,81,2,4,0,0.0,0.0,0.0,3,0,64,69,"92,8",5,46,3,1,1,2024-08-18
Rúben Dias,Manchester City,3,POR,CB,27-096,90,0,0,0,0,0,0,0,0,80,1,2,0,0.0,0.0,0.0,0,0,69,71,"97,2",0,42,0,0,0,2024-08-18
Manuel Akanji,Manchester City,25,SUI,RB,29-030,90,0,0,0,0,0,0,0,0,80,1,0,1,0.0,0.0,0.0,0,0,70,74,"94,6",3,41,1,0,0,2024-08-18
Ederson,Manchester City,31,BRA,GK,31-001,90,0,0,0,0,0,0,0,0,42,0,0,0,0.0,0.0,0.0,0,0,33,39,"84,6",0,28,0,0,0,2024-08-18
Jamie Vardy,Leicester City,9,ENG,FW,37-221,78,1,0,0,0,2,2,0,0,18,1,1,0,0.8,0.8,0.0,0,0,4,10,"40,0",1,9,0,0,0,2024-08-19
Stephy Mavididi,Leicester City,10,ENG,FW,26-080,12,0,0,0,0,0,0,0,0,6,1,0,0,0.0,0.0,0.0,2,0,2,3,"66,7",2,6,2,3,1,2024-08-19
Bobby Reid,Leicester City,14,JAM,LW,31-199,85,0,0,0,0,1,0,0,0,31,0,0,1,0.1,0.1,0.0,1,0,15,24,"62,5",0,17,1,0,0,2024-08-19
Kasey McAteer,Leicester City,35,IRL,LW,22-271,5,0,0,0,0,1,0,0,0,12,2,0,4,0.0,0.0,0.0,0,0,2,4,"50,0",0,3,0,0,0,2024-08-19
Abdul Fatawu Issahaku,Leicester City,7,GHA,RW,20-164,90,0,1,0,0,0,0,0,0,49,6,0,1,0.0,0.0,0.5,3,1,18,25,"72,0",2,27,5,8,3,2024-08-19
Facundo Buonanotte,Leicester City,40,ARG,AM,19-240,78,0,0,0,0,0,0,0,0,35,3,0,1,0.0,0.0,0.4,2,0,20,25,"80,0",5,18,2,4,1,2024-08-19
Boubakary Soumaré,Leicester City,24,FRA,AM,25-174,12,0,0,0,0,0,0,0,0,4,0,0,0,0.0,0.0,0.0,0,0,3,3,"100,0",0,2,0,0,0,2024-08-19
Wilfred Ndidi,Leicester City,6,NGA,DM,27-247,90,0,0,0,0,2,1,0,0,55,2,0,5,0.1,0.1,0.0,1,0,27,35,"77,1",2,21,0,2,1,2024-08-19
Harry Winks,Leicester City,8,ENG,DM,28-199,90,0,0,0,0,0,0,0,0,43,3,1,1,0.0,0.0,0.0,1,0,34,41,"82,9",6,16,1,1,1,2024-08-19
Victor Bernth Kristiansen,Leicester City,16,DEN,LB,21-247,90,0,0,0,0,0,0,0,0,54,2,2,2,0.0,0.0,0.0,2,1,28,36,"77,8",2,23,0,1,0,2024-08-19
Wout Faes,Leicester City,3,BEL,CB,26-138,90,0,0,0,0,0,0,1,0,40,1,1,1,0.0,0.0,0.0,1,0,27,30,"90,0",0,20,0,0,0,2024-08-19
Jannik Vestergaard,Leicester City,23,DEN,CB,32-016,90,0,0,0,0,0,0,0,0,29,0,2,2,0.0,0.0,0.0,0,0,15,16,"93,8",2,11,0,0,0,2024-08-19
James Justin,Leicester City,2,ENG,RB,26-178,90,0,0,0,0,1,0,0,0,46,1,3,2,0.1,0.1,0.0,0,0,28,33,"84,8",1,18,1,0,0,2024-08-19
Mads Hermansen,Leicester City,30,DEN,GK,24-039,90,0,0,0,0,0,0,0,0,32,0,0,0,0.0,0.0,0.0,0,0,14,28,"50,0",0,21,0,0,0,2024-08-19
Dominic Solanke,Tottenham Hotspur,19,ENG,FW,26-340,90,0,0,0,0,3,3,0,0,29,2,0,0,0.3,0.3,0.1,1,0,15,19,"78,9",1,19,3,3,3,2024-08-19
Son Heung-min,Tottenham Hotspur,7,KOR,"LW,LM",32-042,89,0,0,0,0,1,0,0,0,58,0,1,0,0.0,0.0,0.1,5,1,43,52,"82,7",5,42,5,6,4,2024-08-19
Richarlison,Tottenham Hotspur,9,BRA,LM,27-101,1,0,0,0,0,1,0,0,0,7,0,0,0,0.2,0.2,0.0,0,0,3,5,"60,0",0,1,0,0,0,2024-08-19
Brennan Johnson,Tottenham Hotspur,22,WAL,RW,23-088,77,0,0,0,0,2,1,0,0,43,6,0,0,0.1,0.1,0.2,1,0,21,29,"72,4",1,19,3,1,0,2024-08-19
Timo Werner,Tottenham Hotspur,16,GER,RM,28-166,13,0,0,0,0,0,0,0,0,22,0,0,0,0.0,0.0,0.0,0,0,14,19,"73,7",1,11,1,1,0,2024-08-19
James Maddison,Tottenham Hotspur,10,ENG,LM,27-270,78,0,1,0,0,1,0,0,0,78,0,1,0,0.0,0.0,0.2,8,1,55,71,"77,5",15,46,3,2,2,2024-08-19
Dejan Kulusevski,Tottenham Hotspur,21,SWE,CM,24-116,12,0,0,0,0,0,0,0,0,19,1,0,3,0.0,0.0,0.0,2,0,7,9,"77,8",1,7,0,2,0,2024-08-19
Rodrigo Bentancur,Tottenham Hotspur,30,URU,CM,27-055,77,0,0,0,0,3,1,1,0,60,3,2,0,0.3,0.3,0.0,3,0,46,47,"97,9",4,27,2,1,0,2024-08-19
Archie Gray,Tottenham Hotspur,14,ENG,DM,18-160,13,0,0,0,0,0,0,0,0,23,2,0,0,0.0,0.0,0.0,0,0,18,21,"85,7",2,13,0,0,0,2024-08-19
Pape Matar Sarr,Tottenham Hotspur,29,SEN,RM,21-340,77,0,0,0,0,1,0,0,0,56,1,0,1,0.0,0.0,0.1,1,0,42,48,"87,5",8,30,1,0,0,2024-08-19
Lucas Bergvall,Tottenham Hotspur,15,SWE,CM,18-199,13,0,0,0,0,1,0,0,0,35,3,0,0,0.1,0.1,0.2,1,0,27,29,"93,1",2,13,0,3,2,2024-08-19
Destiny Udogie,Tottenham Hotspur,13,ITA,LB,21-265,90,0,0,0,0,0,0,0,0,82,4,0,3,0.0,0.0,0.0,0,0,61,71,"85,9",7,37,2,2,0,2024-08-19
Micky van de Ven,Tottenham Hotspur,37,NED,CB,23-122,90,0,0,0,0,0,0,0,0,104,0,1,1,0.0,0.0,0.0,2,0,90,96,"93,8",5,68,1,0,0,2024-08-19
Cristian Romero,Tottenham Hotspur,17,ARG,CB,26-114,90,0,0,0,0,1,0,0,0,102,1,0,0,0.1,0.1,0.0,1,0,89,97,"91,8",9,61,0,0,0,2024-08-19
Pedro Porro,Tottenham Hotspur,23,ESP,RB,24-341,89,1,0,0,0,1,1,0,0,65,0,1,0,0.1,0.1,0.2,5,0,49,57,"86,0",6,29,3,2,0,2024-08-19
Djed Spence,Tottenham Hotspur,24,ENG,RB,24-010,1,0,0,0,0,0,0,0,0,10,0,0,0,0.0,0.0,0.0,0,0,9,9,"100,0",2,7,0,2,1,2024-08-19
Guglielmo Vicario,Tottenham Hotspur,1,ITA,GK,27-317,90,0,0,0,0,0,0,0,0,47,0,0,0,0.0,0.0,0.0,0,0,42,45,"93,3",0,35,0,1,1,2024-08-19
Julio Enciso,Brighton & Hove Albion,10,PAR,AM,20-214,12,0,0,0,0,1,0,0,0,11,0,0,0,0.0,0.0,0.0,1,0,4,8,"50,0",0,4,0,2,1,2024-08-24
Georginio Rutter,Brighton & Hove Albion,14,FRA,RW,22-126,1,0,0,0,0,0,0,0,0,4,0,0,0,0.0,0.0,0.0,1,0,3,3,"100,0",2,4,1,1,1,2024-08-24
Carlos Baleba,Brighton & Hove Albion,20,CMR,DM,20-234,18,0,0,0,0,0,0,0,0,9,1,0,0,0.0,0.0,0.0,0,0,8,8,"100,0",0,5,1,1,1,2024-08-24
Antony,Manchester United,21,BRA,RW,24-182,1,0,0,0,0,0,0,0,0,3,1,0,0,0.0,0.0,0.1,1,0,1,2,"50,0",0,1,0,0,0,2024-08-24
Wilson Odobert,Tottenham Hotspur,28,FRA,LW,19-270,66,0,0,0,0,1,0,0,0,53,3,0,0,0.0,0.0,0.0,1,0,32,39,"82,1",5,39,7,6,2,2024-08-24
Yves Bissouma,Tottenham Hotspur,8,MLI,CM,27-360,72,1,0,0,0,1,1,0,0,86,2,1,0,0.1,0.1,0.0,2,0,74,80,"92,5",6,62,1,0,0,2024-08-24
Jesper Lindstrøm,Everton,29,DEN,RW,24-177,34,0,0,0,0,1,1,0,0,11,2,0,0,0.0,0.0,0.0,1,0,5,7,"71,4",0,4,0,2,0,2024-08-24
Harrison Armstrong,Everton,45,ENG,DM,17-218,1,0,0,0,0,0,0,0,0,4,0,0,0,0.0,0.0,0.0,0,0,1,4,"25,0",0,3,0,0,0,2024-08-24
Roman Dixon,Everton,75,ENG,RB,19-242,90,0,0,0,0,0,0,0,0,36,5,1,1,0.0,0.0,0.0,0,0,11,19,"57,9",0,16,0,3,0,2024-08-24
Oliver Skipp,Leicester City,22,ENG,RW,23-343,20,0,0,0,0,0,0,0,0,16,0,0,0,0.0,0.0,0.0,0,0,15,16,"93,8",1,13,1,1,1,2024-08-24
Chadi Riad,Crystal Palace,34,MAR,CB,21-068,90,0,0,0,0,0,0,0,0,90,5,2,0,0.0,0.0,0.0,0,0,70,82,"85,4",7,58,2,0,0,2024-08-24
Jeffrey Schlupp,Crystal Palace,15,GHA,CB,31-245,9,0,0,0,0,0,0,0,0,9,0,0,1,0.0,0.0,0.0,0,0,4,6,"66,7",0,3,0,0,0,2024-08-24
Aaron Wan-Bissaka,West Ham United,29,ENG,RB,26-272,29,0,0,0,0,0,0,0,0,12,0,1,0,0.0,0.0,0.0,2,0,3,7,"42,9",0,4,2,2,2,2024-08-24
Edson Álvarez,West Ham United,19,MEX,"CM,DM",26-305,13,0,0,0,0,1,0,0,0,12,1,0,1,0.0,0.0,0.0,0,0,6,7,"85,7",1,3,0,1,0,2024-08-24
Aaron Cresswell,West Ham United,3,ENG,LB,34-253,2,0,0,0,0,0,0,0,0,2,0,0,0,0.0,0.0,0.0,0,0,0,2,"0,0",0,0,0,0,0,2024-08-24
James Mcatee,Manchester City,87,ENG,FW,21-311,1,0,0,0,0,0,0,0,0,6,0,0,1,0.0,0.0,0.0,0,0,4,4,"100,0",0,2,0,0,0,2024-08-24
İlkay Gündoğan,Manchester City,19,GER,DM,33-305,20,0,0,0,0,0,0,0,0,18,0,0,0,0.0,0.0,0.0,1,1,15,18,"83,3",1,9,1,0,0,2024-08-24
Jack Grealish,Manchester City,10,ENG,LW,28-349,20,0,0,0,0,1,0,1,0,19,1,0,1,0.1,0.1,0.0,0,0,12,14,"85,7",0,14,1,0,0,2024-08-24
Matheus Nunes,Manchester City,27,POR,AM,25-363,1,0,0,0,0,0,0,0,0,4,0,0,0,0.0,0.0,0.0,0,0,3,4,"75,0",0,1,0,0,0,2024-08-24
John Stones,Manchester City,5,ENG,DM,30-088,41,0,0,0,0,0,0,0,0,27,1,1,1,0.0,0.0,0.0,1,0,20,22,"90,9",0,14,1,0,0,2024-08-24
George Edmundson,Ipswich Town,4,ENG,CB,26-359,2,0,0,0,0,0,0,0,0,3,0,0,0,0.0,0.0,0.0,0,0,1,2,"50,0",0,1,0,0,0,2024-08-24
Arijanet Muric,Ipswich Town,1,KVX,GK,25-291,90,0,0,0,0,0,0,0,0,40,0,0,0,0.0,0.0,0.0,0,0,26,36,"72,2",0,26,0,0,0,2024-08-24
Charlie Taylor,Southampton,21,ENG,"WB,LM",30-341,15,0,0,0,0,0,0,0,0,10,0,0,0,0.0,0.0,0.0,0,0,8,10,"80,0",2,6,1,0,0,2024-08-24
Mateus Fernandes,Southampton,18,POR,"CM,CB",20-045,15,0,0,0,0,0,0,0,0,15,0,0,2,0.0,0.0,0.0,0,0,11,12,"91,7",2,7,0,0,0,2024-08-24
Jota Silva,Nottingham Forest,20,POR,RM,25-023,1,0,0,0,0,0,0,0,0,2,0,0,0,0.0,0.0,0.0,0,0,1,1,"100,0",0,0,0,0,0,2024-08-24
Nikola Milenković,Nottingham Forest,31,SRB,CB,26-317,90,0,0,0,0,3,0,0,0,41,0,2,1,1.0,1.0,0.0,2,0,28,29,"96,6",2,22,0,0,0,2024-08-24
Ross Barkley,Aston Villa,6,ENG,CM,30-263,15,0,0,0,0,1,0,0,0,14,0,0,0,0.0,0.0,0.0,0,0,10,13,"76,9",0,6,0,0,0,2024-08-24
Reiss Nelson,Arsenal,24,ENG,RW,24-258,3,0,0,0,0,0,0,0,0,2,1,0,0,0.0,0.0,0.0,0,0,0,0,,0,1,0,0,0,2024-08-24
Riccardo Calafiori,Arsenal,33,ITA,LB,22-097,12,0,0,0,0,0,0,0,0,9,0,1,1,0.0,0.0,0.0,0,0,5,6,"83,3",0,1,0,0,0,2024-08-24
Evanilson,Bournemouth,9,BRA,FW,24-324,71,0,0,0,0,3,2,0,0,23,1,0,2,0.8,0.8,0.0,1,0,6,11,"54,5",1,10,1,2,1,2024-08-25
Marcos Senesi,Bournemouth,5,ARG,CB,27-107,90,0,0,0,0,0,0,1,0,56,3,1,3,0.0,0.0,0.0,2,0,28,39,"71,8",3,23,0,0,0,2024-08-25
Miguel Almirón,Newcastle United,24,PAR,RW,30-197,2,0,0,0,0,0,0,0,0,4,0,0,0,0.0,0.0,0.0,0,0,4,4,"100,0",2,0,0,0,0,2024-08-25
Joe Willock,Newcastle United,28,ENG,RM,25-005,21,0,0,0,0,1,0,0,0,12,1,0,0,0.1,0.1,0.0,1,0,5,7,"71,4",0,11,2,1,1,2024-08-25
Kieran Trippier,Newcastle United,2,ENG,RB,33-341,33,0,0,0,0,0,0,0,0,33,2,0,0,0.0,0.0,0.0,2,0,18,31,"58,1",3,12,0,1,1,2024-08-25
Tommy Doyle,Wolverhampton Wanderers,20,ENG,DM,22-313,1,0,0,0,0,0,0,0,0,9,0,0,0,0.0,0.0,0.0,1,0,9,9,"100,0",2,6,1,0,0,2024-08-25
João Félix,Chelsea,14,POR,"RM,FW",24-289,23,1,0,0,0,2,1,0,0,17,0,0,1,0.3,0.3,0.0,0,0,10,13,"76,9",1,14,3,1,1,2024-08-25
Mykhailo Mudryk,Chelsea,10,UKR,LW,23-233,45,0,0,0,0,0,0,0,0,12,0,0,0,0.0,0.0,0.0,0,0,5,9,"55,6",1,10,1,2,1,2024-08-25
Noni Madueke,Chelsea,11,ENG,RW,22-168,90,3,0,0,0,6,5,0,0,32,1,0,0,0.6,0.6,0.4,3,1,16,21,"76,2",1,29,5,0,0,2024-08-25
Darwin Núñez,Liverpool,9,URU,FW,25-062,19,0,0,0,0,0,0,0,0,11,0,0,0,0.0,0.0,0.0,0,0,8,8,"100,0",1,4,0,0,0,2024-08-25
Harvey Elliott,Liverpool,19,ENG,RW,21-143,8,0,0,0,0,0,0,0,0,14,0,0,0,0.0,0.0,0.0,0,0,12,14,"85,7",0,10,1,0,0,2024-08-25
Wataru Endo,Liverpool,3,JPN,DM,31-198,1,0,0,0,0,0,0,0,0,1,0,0,0,0.0,0.0,0.0,0,0,1,1,"100,0",0,1,0,0,0,2024-08-25
Pervis Estupiñán,Brighton & Hove Albion,30,ECU,LB,26-223,19,0,0,0,0,2,0,0,0,24,0,0,0,0.0,0.0,0.1,3,0,20,23,"87,0",7,16,3,0,0,2024-08-31
Bart Verbruggen,Brighton & Hove Albion,1,NED,GK,22-013,90,0,0,0,0,0,0,0,0,36,0,0,0,0.0,0.0,0.0,1,0,29,34,"85,3",0,27,0,0,0,2024-08-31
Séamus Coleman,Everton,23,IRL,RB,35-325,90,0,0,0,0,1,1,0,0,52,1,0,2,0.6,0.6,0.0,1,0,32,43,"74,4",6,22,0,2,2,2024-08-31
Kepa Arrizabalaga,Bournemouth,13,ESP,GK,29-333,90,0,0,0,0,0,0,0,0,34,0,0,0,0.0,0.0,0.0,0,0,27,32,"84,4",0,19,0,0,0,2024-08-31
Bilal El Khannouss,Leicester City,11,MAR,CM,20-113,23,0,0,0,0,1,0,0,0,17,0,0,0,0.0,0.0,0.0,0,0,15,16,"93,8",1,11,0,0,0,2024-08-31
Caleb Okoli,Leicester City,5,ITA,CB,23-049,89,0,0,0,0,1,0,1,0,81,3,1,2,0.0,0.0,0.0,0,0,62,68,"91,2",2,53,1,0,0,2024-08-31
Lamare Bogarde,Aston Villa,26,NED,RB,20-239,78,0,0,0,0,0,0,1,0,44,3,0,0,0.0,0.0,0.0,2,0,30,37,"81,1",2,25,3,1,1,2024-08-31
Ramón Sosa,Nottingham Forest,24,PAR,LW,25-000,11,0,0,0,0,1,0,0,0,13,0,0,0,0.1,0.1,0.2,3,0,3,7,"42,9",0,7,2,2,1,2024-08-31
André,Wolverhampton Wanderers,7,BRA,FW,23-046,5,0,0,0,0,0,0,0,0,6,1,0,0,0.0,0.0,0.0,0,0,4,5,"80,0",0,0,0,0,0,2024-08-31
Gonçalo Guedes,Wolverhampton Wanderers,29,POR,RM,27-276,16,0,0,0,0,0,0,0,0,10,0,2,2,0.0,0.0,0.0,1,0,1,1,"100,0",0,6,0,1,0,2024-08-31
Nélson Semedo,Wolverhampton Wanderers,22,POR,RB,30-289,74,0,0,0,0,0,0,0,0,45,3,0,1,0.0,0.0,0.0,0,0,27,34,"79,4",1,24,1,1,0,2024-08-31
Sam Johnstone,Wolverhampton Wanderers,31,ENG,GK,31-159,90,0,0,0,0,0,0,0,0,35,0,0,0,0.0,0.0,0.0,0,0,16,32,"50,0",0,25,0,0,0,2024-08-31
Jack Clarke,Ipswich Town,47,ENG,LW,23-282,10,0,0,0,0,2,0,0,0,7,0,0,0,0.1,0.1,0.0,0,0,1,4,"25,0",0,5,0,0,0,2024-08-31
Chiedozie Ogbene,Ipswich Town,21,IRL,RW,27-122,87,0,0,0,0,0,0,0,0,24,4,0,0,0.0,0.0,0.0,2,0,12,16,"75,0",0,12,1,1,0,2024-08-31
Kalvin Phillips,Ipswich Town,8,ENG,DM,28-273,70,0,0,0,0,0,0,0,0,42,0,0,2,0.0,0.0,0.0,1,0,27,35,"77,1",3,21,0,0,0,2024-08-31
Jens Cajuste,Ipswich Town,12,SWE,DM,25-021,20,0,0,0,0,0,0,0,0,12,0,0,0,0.0,0.0,0.0,3,0,8,9,"88,9",1,5,2,1,1,2024-08-31
Sander Berge,Fulham,16,NOR,DM,26-199,19,0,0,0,0,0,0,0,0,12,2,0,0,0.0,0.0,0.1,1,0,10,10,"100,0",1,6,0,0,0,2024-08-31
Sepp van den Berg,Brentford,4,NED,RB,22-255,16,0,0,0,0,0,0,0,0,12,0,0,0,0.0,0.0,0.0,0,0,7,8,"87,5",1,6,0,1,0,2024-08-31
Adam Lallana,Southampton,10,ENG,RM,36-113,9,0,1,0,0,1,0,0,0,14,0,0,0,0.1,0.1,0.1,2,1,9,10,"90,0",2,4,1,0,0,2024-08-31
Aaron Ramsdale,Southampton,30,ENG,GK,26-109,90,0,0,0,0,0,0,0,0,43,0,0,0,0.0,0.0,0.0,0,0,28,41,"68,3",0,33,0,0,0,2024-08-31
Łukasz Fabiański,West Ham United,1,POL,GK,39-135,45,0,0,0,0,0,0,0,0,8,0,0,0,0.0,0.0,0.0,0,0,5,8,"62,5",0,6,0,0,0,2024-08-31
Nathan Aké,Manchester City,6,NED,LB,29-195,3,0,0,0,0,0,0,0,0,9,1,1,0,0.0,0.0,0.0,0,0,6,7,"85,7",1,4,0,0,0,2024-08-31
Kyle Walker,Manchester City,2,ENG,RB,34-095,3,0,0,0,0,0,0,0,0,12,0,0,0,0.0,0.0,0.0,0,0,10,11,"90,9",0,3,0,0,0,2024-08-31
Sandro Tonali,Newcastle United,8,ITA,RM,24-116,23,0,0,0,0,0,0,0,0,10,1,1,0,0.0,0.0,0.0,0,0,5,5,"100,0",1,5,0,0,0,2024-09-01
Radu Drăgușin,Tottenham Hotspur,6,ROU,CB,22-211,90,0,0,0,0,1,0,0,0,60,1,1,2,0.0,0.0,0.0,0,0,41,48,"85,4",1,28,0,1,0,2024-09-01
Nathaniel Clyne,Crystal Palace,17,ENG,CB,33-149,90,0,0,0,0,0,0,0,0,34,3,1,0,0.0,0.0,0.0,0,0,17,24,"70,8",1,15,0,0,0,2024-09-01
Christian Eriksen,Manchester United,14,DEN,AM,32-200,5,0,0,0,0,0,0,0,0,4,0,0,0,0.0,0.0,0.0,0,0,3,4,"75,0",0,3,0,0,0,2024-09-01
Toby Collyer,Manchester United,43,ENG,DM,20-242,45,0,0,0,0,0,0,0,0,31,4,0,0,0.0,0.0,0.1,2,0,15,19,"78,9",2,20,0,1,1,2024-09-01
Ross Stewart,Southampton,11,SCO,FW,28-065,29,0,0,0,0,0,0,0,0,7,0,0,1,0.0,0.0,0.0,0,0,5,6,"83,3",0,5,0,0,0,2024-09-14
Ryan Fraser,Southampton,24,SCO,LW,30-203,27,0,0,0,0,0,0,0,0,7,1,0,0,0.0,0.0,0.0,0,0,5,5,"100,0",0,5,1,0,0,2024-09-14
Lesley Ugochukwu,Southampton,26,FRA,DM,20-172,63,0,0,0,0,1,0,0,0,31,2,0,2,0.2,0.2,0.0,1,0,23,25,"92,0",1,16,1,1,0,2024-09-14
Maxwel Cornet,Southampton,22,CIV,RW,27-353,27,0,0,0,0,0,0,1,0,14,2,0,0,0.0,0.0,0.0,0,0,8,10,"80,0",0,8,1,1,0,2024-09-14
Manuel Ugarte Ribeiro,Manchester United,25,URU,DM,23-156,18,0,0,0,0,0,0,0,0,15,2,0,0,0.0,0.0,0.0,1,0,13,13,"100,0",0,9,0,1,0,2024-09-14
Evan Ferguson,Brighton & Hove Albion,28,IRL,FW,19-331,6,0,0,0,0,1,0,0,0,2,0,0,0,0.1,0.1,0.0,0,0,1,1,"100,0",0,1,0,0,0,2024-09-14
Ferdi Kadioglu,Brighton & Hove Albion,24,TUR,LB,24-343,23,0,0,0,0,1,0,0,0,26,0,2,0,0.0,0.0,0.1,3,0,16,20,"80,0",2,12,1,0,0,2024-09-14
George Hirst,Ipswich Town,27,ENG,FW,25-212,32,0,0,0,0,0,0,0,0,7,0,0,0,0.0,0.0,0.0,1,0,3,6,"50,0",1,2,0,0,0,2024-09-14
Dara O'Shea,Ipswich Town,26,IRL,CB,25-194,90,0,0,0,0,2,0,0,0,59,2,4,4,0.1,0.1,0.0,1,0,28,38,"73,7",0,24,0,0,0,2024-09-14
Eddie Nketiah,Crystal Palace,9,ENG,AM,25-107,90,0,0,0,0,6,1,0,0,45,0,1,1,0.3,0.3,0.1,2,0,27,33,"81,8",2,31,5,1,1,2024-09-14
Maxence Lacroix,Crystal Palace,5,FRA,CB,24-161,90,0,0,0,0,0,0,0,0,81,3,1,1,0.0,0.0,0.1,3,0,64,76,"84,2",2,56,0,0,0,2024-09-14
Conor Coady,Leicester City,4,ENG,CB,31-202,8,0,0,0,0,0,0,1,0,8,0,1,2,0.0,0.0,0.0,0,0,1,2,"50,0",0,2,0,0,0,2024-09-14
Hamza Choudhury,Leicester City,17,ENG,"CM,AM",26-349,15,0,0,0,0,0,0,0,0,5,0,1,0,0.0,0.0,0.0,0,0,0,3,"0,0",0,0,0,0,0,2024-09-14
Rodri,Manchester City,16,ESP,DM,28-084,45,0,0,0,0,0,0,0,0,51,1,0,1,0.0,0.0,0.0,1,0,45,48,"93,8",4,24,0,1,0,2024-09-14
Yehor Yarmoliuk,Brentford,18,UKR,CM,20-197,7,0,0,0,0,1,0,0,0,5,0,0,0,0.0,0.0,0.0,0,0,3,3,"100,0",0,3,0,0,0,2024-09-14
Curtis Jones,Liverpool,17,ENG,CM,23-228,16,0,0,0,0,0,0,0,0,10,0,0,0,0.0,0.0,0.0,0,0,8,9,"88,9",1,8,0,0,0,2024-09-14
Morato,Nottingham Forest,4,BRA,CB,23-076,10,0,0,0,0,0,0,0,0,6,0,0,0,0.0,0.0,0.0,0,0,0,2,"0,0",0,1,0,0,0,2024-09-14
Álex Moreno,Nottingham Forest,19,ESP,LB,31-098,79,0,0,0,0,0,0,1,0,43,7,3,0,0.0,0.0,0.0,0,0,17,32,"53,1",1,20,2,0,0,2024-09-14
Carlos Soler,West Ham United,4,ESP,DM,27-256,21,0,0,0,0,0,0,1,0,12,1,1,2,0.0,0.0,0.0,0,0,5,6,"83,3",0,1,0,0,0,2024-09-14
Emi Buendía,Aston Villa,10,ARG,AM,27-264,7,0,0,0,0,0,0,0,0,4,0,0,1,0.0,0.0,0.0,0,0,4,4,"100,0",1,2,0,0,0,2024-09-14
Jake O'Brien,Everton,15,IRL,"CB,RB",23-122,27,0,0,0,0,0,0,1,0,20,2,0,1,0.0,0.0,0.0,1,0,12,15,"80,0",1,7,0,3,1,2024-09-14
Orel Mangala,Everton,8,BEL,CM,26-180,27,0,0,0,0,1,0,0,0,11,1,0,0,0.1,0.1,0.0,1,0,6,9,"66,7",2,6,3,1,1,2024-09-14
James Garner,Everton,37,ENG,"RB,CM",23-185,65,0,0,0,0,0,0,0,0,32,2,1,1,0.0,0.0,0.0,1,0,19,25,"76,0",1,15,1,1,0,2024-09-14
Enes Ünal,Bournemouth,26,TUR,FW,27-127,8,0,0,0,0,2,2,0,0,4,0,0,1,0.1,0.1,0.0,2,0,1,1,"100,0",1,1,0,0,0,2024-09-14
Mark Travers,Bournemouth,42,IRL,GK,25-119,90,0,0,0,0,0,0,0,0,20,0,0,0,0.0,0.0,0.0,0,0,11,18,"61,1",0,14,0,0,0,2024-09-14
Jadon Sancho,Chelsea,19,ENG,LW,24-173,45,0,1,0,0,0,0,1,0,37,0,0,0,0.0,0.0,0.4,3,1,25,30,"83,3",6,24,2,4,2,2024-09-14
Axel Disasi,Chelsea,2,FRA,RB,26-187,60,0,0,0,0,0,0,0,0,62,0,1,0,0.0,0.0,0.0,0,0,50,57,"87,7",5,38,0,0,0,2024-09-14
Tosin Adarabioyo,Chelsea,4,ENG,RB,26-356,30,0,0,0,0,0,0,0,0,42,1,0,0,0.0,0.0,0.0,1,0,37,41,"90,2",2,24,0,0,0,2024-09-14
Raheem Sterling,Arsenal,30,ENG,LW,29-282,11,0,0,0,0,0,0,0,0,2,0,0,0,0.0,0.0,0.0,0,0,1,2,"50,0",0,3,0,0,0,2024-09-15
Jorginho,Arsenal,20,ITA,CM,32-270,90,0,0,0,0,0,0,1,0,28,1,0,0,0.0,0.0,0.0,1,0,19,24,"79,2",1,15,0,0,0,2024-09-15
Ethan Nwaneri,Arsenal,53,ENG,FW,17-178,5,0,0,0,0,0,0,0,0,7,0,0,1,0.0,0.0,0.0,0,0,3,5,"60,0",1,4,1,1,1,2024-09-15
Carlos Forbs,Wolverhampton Wanderers,26,POR,"RM,LB",20-180,5,0,0,0,0,0,0,0,0,11,1,0,0,0.0,0.0,0.0,1,0,4,10,"40,0",1,9,0,1,1,2024-09-15
Andy Irving,West Ham United,39,SCO,LM,24-131,18,0,0,0,0,1,1,0,0,25,2,0,0,0.0,0.0,0.0,1,0,21,21,"100,0",2,18,0,0,0,2024-09-21
Federico Chiesa,Liverpool,14,ITA,FW,26-332,19,0,0,0,0,2,1,0,0,12,0,0,0,0.2,0.2,0.0,2,0,7,8,"87,5",0,11,1,1,0,2024-09-21
Caoimhín Kelleher,Liverpool,62,IRL,GK,25-303,90,0,0,0,0,0,0,0,0,50,0,0,0,0.0,0.0,0.0,1,1,40,44,"90,9",0,39,0,0,0,2024-09-21
Mikey Moore,Tottenham Hotspur,47,ENG,"LW,FW",17-041,3,0,0,0,0,0,0,0,0,2,0,0,0,0.0,0.0,0.0,0,0,1,2,"50,0",0,2,1,0,0,2024-09-21
Ryan Trevitt,Brentford,28,ENG,CM,21-193,4,0,0,0,0,0,0,0,0,7,1,0,0,0.0,0.0,0.0,0,0,4,7,"57,1",0,4,0,0,0,2024-09-21
Yunus Emre Konak,Brentford,26,TUR,CM,18-255,12,0,0,0,0,0,0,0,0,11,1,0,0,0.0,0.0,0.0,0,0,7,8,"87,5",0,4,0,1,0,2024-09-21
William Osula,Newcastle United,18,DEN,FW,21-048,8,0,0,0,0,0,0,0,0,3,0,0,0,0.0,0.0,0.0,0,0,1,2,"50,0",0,3,1,1,1,2024-09-21
Diego Carlos,Aston Villa,3,BRA,CB,31-190,90,0,0,0,0,0,0,0,0,75,0,1,2,0.0,0.0,0.0,0,0,60,69,"87,0",4,59,0,0,0,2024-09-21
Santiago Bueno,Wolverhampton Wanderers,4,URU,CB,25-317,9,0,0,0,0,0,0,0,0,9,0,0,1,0.0,0.0,0.0,0,0,4,7,"57,1",0,4,0,0,0,2024-09-21
Rasmus Højlund,Manchester United,9,DEN,FW,21-230,15,0,0,0,0,0,0,0,0,5,0,0,0,0.0,0.0,0.0,0,0,2,4,"50,0",0,5,1,0,0,2024-09-21
Jakub Kiwior,Arsenal,15,POL,"LB,RB",24-220,17,0,0,0,0,0,0,0,0,3,0,0,1,0.0,0.0,0.0,0,0,2,2,"100,0",0,1,0,0,0,2024-09-22
Myles Lewis-Skelly,Arsenal,49,ENG,LB,17-362,1,0,0,0,0,0,0,1,0,2,0,0,0,0.0,0.0,0.0,0,0,1,1,"100,0",0,1,0,0,0,2024-09-22
Igor,Brighton & Hove Albion,3,BRA,CB,26-234,34,0,0,0,0,0,0,0,0,38,1,0,0,0.0,0.0,0.0,0,0,36,37,"97,3",5,31,1,0,0,2024-09-28
Jarrad Branthwaite,Everton,32,ENG,CB,22-093,90,0,0,0,0,0,0,0,0,43,2,3,1,0.0,0.0,0.0,0,0,27,32,"84,4",1,24,0,1,1,2024-09-28
Joe Gomez,Liverpool,2,ENG,LB,27-128,2,0,0,0,0,0,0,0,0,6,1,0,1,0.0,0.0,0.0,0,0,3,3,"100,0",0,2,0,0,0,2024-09-28
Trevoh Chalobah,Crystal Palace,27,ENG,CB,25-092,87,0,0,0,0,2,1,0,0,35,1,2,0,0.2,0.2,0.0,0,0,23,25,"92,0",4,16,1,0,0,2024-10-05
Vitezslav Jaros,Liverpool,56,CZE,GK,23-074,12,0,0,0,0,0,0,0,0,8,0,0,0,0.0,0.0,0.0,0,0,6,8,"75,0",0,7,0,0,0,2024-10-05
Timothy Castagne,Fulham,21,BEL,RB,28-305,14,0,0,0,0,0,0,0,0,15,4,0,0,0.0,0.0,0.0,0,0,10,12,"83,3",1,7,0,0,0,2024-10-05
Luis Guilherme,West Ham United,17,BRA,RM,18-239,5,0,0,0,0,0,0,0,0,2,0,0,0,0.0,0.0,0.0,1,0,1,1,"100,0",0,2,0,1,0,2024-10-05
Mikel Merino,Arsenal,23,ESP,CM,28-105,30,0,0,0,0,0,0,0,0,19,3,2,2,0.0,0.0,0.1,4,0,10,14,"71,4",1,8,0,0,0,2024-10-05
Takehiro Tomiyasu,Arsenal,18,JPN,RB,25-335,7,0,0,0,0,1,0,0,0,7,0,0,0,0.2,0.2,0.0,1,0,3,4,"75,0",1,1,0,0,0,2024-10-05
Ryan Manning,Southampton,3,IRL,LB,28-113,73,0,0,0,0,0,0,0,0,23,3,0,2,0.0,0.0,0.0,0,0,12,13,"92,3",0,10,0,2,1,2024-10-05
Paul Onuachu,Southampton,32,NGA,FW,30-130,17,0,0,0,0,0,0,0,0,8,0,1,0,0.0,0.0,0.0,0,0,5,5,"100,0",0,7,0,1,1,2024-10-05
David Brooks,Bournemouth,7,WAL,RM,27-089,10,0,0,0,0,0,0,0,0,8,0,0,0,0.0,0.0,0.3,2,0,7,7,"100,0",3,7,0,0,0,2024-10-05
Victor Lindelöf,Manchester United,2,SWE,RB,30-081,45,0,0,0,0,0,0,1,0,23,3,1,1,0.0,0.0,0.0,0,0,14,14,"100,0",0,6,0,0,0,2024-10-06
Brajan Gruda,Brighton & Hove Albion,8,GER,RW,20-128,4,0,0,0,0,0,0,0,0,5,0,0,0,0.0,0.0,0.0,0,0,2,3,"66,7",0,3,0,0,0,2024-10-06
Kamaldeen Sulemana,Southampton,20,GHA,RW,22-247,13,0,0,0,0,1,0,0,0,9,3,0,0,0.0,0.0,0.0,0,0,1,1,"100,0",0,3,1,1,0,2024-10-19
Cameron Burgess,Ipswich Town,15,AUS,CB,28-364,90,0,0,0,0,2,0,0,0,97,0,1,0,0.1,0.1,0.0,0,0,67,83,"80,7",6,51,1,0,0,2024-10-19
Harry Clarke,Ipswich Town,2,ENG,RB,23-231,28,0,0,0,0,0,0,0,0,27,0,0,0,0.0,0.0,0.0,0,0,23,26,"88,5",2,15,2,0,0,2024-10-19
Benoît Badiashile,Chelsea,5,FRA,CB,23-208,38,0,0,0,0,0,0,0,0,47,1,1,0,0.0,0.0,0.0,0,0,42,43,"97,7",3,26,1,0,0,2024-10-20
Reece James,Chelsea,24,ENG,RB,24-317,52,0,0,0,0,0,0,0,0,60,1,1,0,0.0,0.0,0.0,2,0,45,55,"81,8",2,32,0,0,0,2024-10-20
Asher Agbinone,Crystal Palace,64,ENG,CM,19-023,3,0,0,0,0,1,0,0,0,4,0,0,0,0.0,0.0,0.0,1,0,1,2,"50,0",0,2,2,1,0,2024-10-21
Ricardo Pereira,Leicester City,21,POR,RB,31-019,67,0,0,0,0,0,0,1,0,54,2,1,1,0.0,0.0,0.0,0,0,43,48,"89,6",3,33,0,0,0,2024-10-25
Conor Townsend,Ipswich Town,22,ENG,CM,31-236,1,0,0,0,0,0,0,0,0,2,1,0,0,0.0,0.0,0.0,0,0,0,0,,0,0,0,0,0,2024-10-26
Tariq Lamptey,Brighton & Hove Albion,2,GHA,RB,24-026,11,0,1,0,0,0,0,0,0,6,0,0,1,0.0,0.0,0.1,1,1,4,4,"100,0",0,4,1,0,0,2024-10-26
James Bree,Southampton,14,ENG,RB,27-015,14,0,0,0,0,0,0,0,0,10,0,0,0,0.0,0.0,0.0,2,0,8,10,"80,0",1,9,0,1,1,2024-10-26
Boubacar Kamara,Aston Villa,44,FRA,CM,24-338,9,0,0,0,0,0,0,0,0,6,0,1,0,0.0,0.0,0.0,0,0,4,5,"80,0",1,4,0,1,0,2024-10-26
Tyler Adams,Bournemouth,12,USA,DM,25-255,10,0,0,0,0,0,0,0,0,3,0,0,0,0.0,0.0,0.0,0,0,3,3,"100,0",1,2,0,0,0,2024-10-26
Jorge Cuenca,Fulham,15,ESP,CB,24-344,1,0,0,0,0,0,0,0,0,4,1,0,0,0.0,0.0,0.0,0,0,1,2,"50,0",1,1,0,0,0,2024-10-26
Jakub Moder,Brighton & Hove Albion,15,POL,"CM,RB",25-209,4,0,0,0,0,0,0,0,0,9,0,0,0,0.0,0.0,0.0,1,0,9,9,"100,0",3,6,2,0,0,2024-11-02
Eric da Silva Moreira,Nottingham Forest,17,GER,RB,18-183,2,0,0,0,0,0,0,0,0,0,0,0,0,0.0,0.0,0.0,0,0,0,0,,0,0,0,0,0,2024-11-02
Ben Davies,Tottenham Hotspur,33,WAL,CB,31-193,30,0,0,0,0,0,0,0,0,18,1,1,0,0.0,0.0,0.0,0,0,13,13,"100,0",0,4,0,0,0,2024-11-03
Justin Devenny,Crystal Palace,55,NIR,CM,21-029,73,0,0,0,0,1,0,0,0,33,3,0,0,0.1,0.1,0.2,4,0,20,26,"76,9",2,12,2,1,0,2024-11-09
Caleb Kporha,Crystal Palace,58,ENG,WB,18-117,3,0,0,0,0,0,0,0,0,5,0,0,0,0.0,0.0,0.0,0,0,3,5,"60,0",0,2,1,0,0,2024-11-09
Matt O'Riley,Brighton & Hove Albion,33,DEN,CM,23-354,34,1,0,0,0,1,1,0,0,12,1,1,0,0.5,0.5,0.0,2,0,7,9,"77,8",0,6,0,0,0,2024-11-09
Jahmai Simpson-Pusey,Manchester City,66,ENG,CB,19-005,90,0,0,0,0,0,0,1,0,113,1,0,1,0.0,0.0,0.0,0,0,99,107,"92,5",3,70,1,1,0,2024-11-09
